WORD,COUNT
the,11738
and,7571
of,5085
to,3950
a,3731
he,3042
in,3017
i,2846
it,2785
that,2541
was,2461
they,1995
you,1864
but,1771
his,1574
said,1481
not,1450
for,1448
as,1394
is,1342
on,1280
had,1260
at,1194
with,1122
frodo,1102
there,1072
were,1049
have,1020
we,984
be,897
all,881
him,853
them,800
if,777
from,760
or,710
s,704
their,703
now,680
are,669
no,649
out,636
up,604
by,581
will,563
then,560
this,554
what,534
do,513
my,499
t,473
gandalf,467
me,464
into,460
long,457
been,455
could,455
so,455
would,443
came,436
one,433
down,427
again,418
more,415
when,412
like,411
sam,409
before,397
go,390
come,382
many,378
some,366
great,360
about,347
your,347
still,346
ring,345
back,344
away,341
far,333
us,331
than,330
bilbo,326
an,323
here,323
over,323
dark,317
can,316
only,311
old,308
see,303
has,297
seemed,297
well,297
hobbits,296
did,295
any,287
know,285
last,284
even,283
time,281
way,275
light,267
may,267
went,267
upon,265
road,263
yet,260
which,258
must,253
very,253
where,253
shall,252
looked,250
after,249
our,249
night,237
its,233
merry,230
shire,227
heard,226
am,225
through,225
little,224
off,224
good,222
end,220
much,220
who,217
don,212
other,211
pippin,211
thought,211
trees,208
aragorn,207
say,207
though,206
strider,205
under,203
while,203
behind,202
think,202
saw,200
water,199
eyes,198
made,198
left,197
found,196
should,193
side,193
suddenly,193
too,188
land,183
things,183
elves,182
day,181
first,178
ever,177
hand,177
black,173
seen,173
white,171
let,170
these,170
river,167
going,165
never,164
her,161
once,161
stood,160
she,159
mr,158
two,157
boromir,155
soon,155
beyond,153
find,153
took,153
fell,152
fire,152
get,152
himself,152
felt,150
began,149
cried,149
hope,149
own,149
passed,149
days,148
folk,147
right,146
round,145
take,145
deep,144
feet,143
hill,143
cannot,142
others,142
until,141
sun,140
elrond,137
grey,136
indeed,136
those,136
might,135
turned,135
answered,134
lay,134
tom,134
just,133
asked,132
make,131
mountains,131
look,130
tell,130
men,129
wind,129
fear,128
nothing,128
company,127
door,124
got,124
world,124
high,123
shadow,123
set,122
since,121
voice,121
words,121
gimli,120
looking,120
without,120
ll,118
above,117
along,117
green,117
heart,117
towards,117
sat,116
something,116
stone,115
such,115
tree,115
already,114
how,114
three,114
east,112
near,112
need,112
path,112
clear,110
knew,110
put,110
west,110
why,110
bree,108
moment,108
north,108
between,107
called,107
spoke,106
most,105
among,104
few,103
house,103
sound,103
hobbit,102
keep,102
power,102
south,102
years,102
against,101
course,101
head,101
hear,101
fair,100
morning,100
another,99
cold,99
enemy,99
leave,99
small,99
also,98
gone,97
mind,96
legolas,95
name,95
coming,94
face,94
sky,94
ground,93
ago,92
evil,90
grew,90
nor,90
wish,90
told,89
wide,89
alone,88
further,88
grass,88
hills,88
help,87
leaves,87
rivendell,87
slowly,87
yes,87
forward,86
gate,86
journey,86
open,86
air,84
strange,84
better,83
people,83
riders,83
enough,82
friends,82
master,82
pass,82
silver,82
sleep,82
drew,81
pale,81
place,81
ran,81
least,80
often,80
stars,79
together,79
moria,78
rest,78
speak,78
thing,78
darkness,77
gave,77
want,76
wood,76
give,75
home,75
rien,75
ahead,74
elf,74
across,73
brought,73
gollum,73
news,73
beside,72
feel,72
wonder,72
half,71
less,71
mean,71
d,70
forest,70
longer,70
man,70
shadows,70
tall,70
gold,69
lands,69
became,68
lord,68
song,68
sword,68
anything,67
each,67
known,67
rather,67
baggins,66
dwarves,66
followed,66
lady,66
large,66
lost,66
low,66
mordor,66
red,66
almost,65
bank,65
earth,65
fall,65
moon,65
quite,65
stream,65
l,64
maybe,64
middle,64
same,64
silent,64
top,64
close,63
full,63
hall,63
perhaps,63
walked,63
caught,62
hard,62
being,61
both,61
country,61
rose,61
wall,61
bag,60
bright,60
done,60
sauron,60
tale,60
used,60
boats,59
either,59
every,59
hands,59
part,59
quickly,59
rings,59
standing,59
turn,59
dwarf,58
seem,58
wizard,58
afraid,57
call,57
evening,57
new,57
orcs,57
sea,57
word,57
broken,56
laid,56
short,56
talk,56
valley,56
woods,56
does,55
doors,55
held,55
reached,55
themselves,55
bridge,54
doubt,54
elven,54
hidden,54
led,54
m,54
silence,54
strong,54
ve,54
follow,53
saruman,53
strength,53
times,53
become,52
book,52
butterbur,52
chance,52
doom,52
mist,52
outside,52
seems,52
sign,52
snow,52
wise,52
edge,51
horse,51
kept,51
nearly,51
singing,51
ancient,50
else,50
food,50
laughed,50
room,50
running,50
below,49
except,49
inside,49
none,49
o,49
remember,49
save,49
sir,49
sprang,49
comes,48
filled,48
foot,48
hardly,48
minas,48
places,48
pony,48
return,48
secret,48
sure,48
true,48
understand,48
vanished,48
won,48
friend,47
miles,47
nine,47
answer,46
ask,46
climbed,46
danger,46
guess,46
heavy,46
lies,46
next,46
remained,46
sitting,46
soft,46
son,46
story,46
use,46
voices,46
wait,46
year,46
young,46
best,45
four,45
golden,45
halted,45
getting,44
matter,44
memory,44
neither,44
ready,44
walking,44
walls,44
always,43
eye,43
fallen,43
haldir,43
happened,43
later,43
mountain,43
ponies,43
present,43
shining,43
sudden,43
tongue,43
watch,43
bed,42
boat,42
borders,42
cut,42
deal,42
forgotten,42
hair,42
line,42
several,42
sight,42
spring,42
till,42
unless,42
beneath,41
isildur,41
really,41
shone,41
stones,41
turning,41
aside,40
free,40
gondor,40
hour,40
late,40
live,40
living,40
myself,40
plain,40
stay,40
galadriel,39
glad,39
king,39
moved,39
ought,39
returned,39
stopped,39
walk,39
war,39
window,39
appeared,38
arms,38
blue,38
faded,38
falling,38
farewell,38
meet,38
party,38
rain,38
table,38
tales,38
tonight,38
wild,38
branches,37
business,37
early,37
gates,37
growing,37
history,37
nearer,37
queer,37
rode,37
seldom,37
shore,37
straight,37
arm,36
bit,36
feeling,36
floor,36
given,36
glorfindel,36
guests,36
hobbiton,36
horses,36
kind,36
kings,36
making,36
mighty,36
point,36
quiet,36
rising,36
steep,36
tirith,36
wound,36
corner,35
distance,35
gl,35
learned,35
passage,35
poor,35
shoulder,35
shut,35
trouble,35
trying,35
western,35
bear,34
beginning,34
bill,34
bombadil,34
clouds,34
dead,34
eastern,34
especially,34
fast,34
hedge,34
hold,34
knows,34
maggot,34
peril,34
re,34
thinking,34
work,34
yellow,34
because,33
doing,33
elvish,33
fact,33
hot,33
lane,33
lie,33
listening,33
opened,33
passing,33
peace,33
read,33
thick,33
birds,32
broke,32
desire,32
distant,32
drink,32
empty,32
goldberry,32
ill,32
narrow,32
safe,32
saying,32
talking,32
weary,32
weather,32
whole,32
willow,32
big,31
birthday,31
case,31
cast,31
council,31
cry,31
dangerous,31
dim,31
escape,31
fields,31
flat,31
hearts,31
hole,31
life,31
lying,31
slipped,31
slow,31
smoke,31
suppose,31
westward,31
whether,31
wished,31
barrow,30
believe,30
brown,30
buckland,30
care,30
dream,30
faces,30
guessed,30
however,30
hundred,30
lead,30
length,30
lived,30
lothl,30
names,30
northern,30
rolled,30
second,30
sent,30
slopes,30
speaking,30
swiftly,30
thin,30
travellers,30
waters,30
bent,29
breath,29
celeborn,29
dwelt,29
faint,29
five,29
ford,29
gildor,29
heads,29
noise,29
paths,29
rider,29
roots,29
stand,29
supper,29
trust,29
warm,29
watched,29
windows,29
advice,28
age,28
asleep,28
bagginses,28
bring,28
chair,28
change,28
dale,28
eastward,28
ere,28
everything,28
grow,28
important,28
inn,28
itself,28
leading,28
leaving,28
lifted,28
moving,28
opening,28
past,28
run,28
slope,28
softly,28
swift,28
whatever,28
wolves,28
bowed,27
brandywine,27
chamber,27
chapter,27
companions,27
cool,27
deadly,27
dear,27
downs,27
farmer,27
flowers,27
front,27
garden,27
goes,27
hung,27
legs,27
possible,27
rock,27
roof,27
sing,27
southwards,27
stepped,27
taken,27
tried,27
try,27
weathertop,27
wondered,27
worse,27
written,27
bore,26
broad,26
closed,26
fled,26
gaffer,26
love,26
mirkwood,26
misty,26
move,26
quick,26
ride,26
rohan,26
shape,26
staff,26
star,26
start,26
tower,26
troubled,26
winter,26
able,25
account,25
balin,25
built,25
chief,25
clad,25
cloud,25
didn,25
elendil,25
feared,25
lore,25
met,25
probably,25
purpose,25
quietly,25
shouted,25
tired,25
waiting,25
added,24
ah,24
anyway,24
aware,24
burning,24
choice,24
climb,24
dawn,24
dwell,24
ears,24
expected,24
fingers,24
flame,24
flowed,24
gamgee,24
greater,24
hollow,24
hours,24
lit,24
parts,24
pocket,24
questions,24
says,24
seeing,24
seek,24
send,24
shapes,24
sharp,24
sides,24
sort,24
steadily,24
step,24
sweet,24
tomorrow,24
truth,24
wandering,24
whom,24
alas,23
climbing,23
crossed,23
falls,23
family,23
figure,23
following,23
guard,23
haven,23
loud,23
meal,23
muttered,23
n,23
r,23
rate,23
reach,23
seat,23
seven,23
show,23
southern,23
speech,23
started,23
surprise,23
terror,23
today,23
actually,22
anduin,22
bare,22
blade,22
bottom,22
certain,22
certainly,22
changed,22
circle,22
cloak,22
decided,22
dell,22
drawn,22
dusk,22
fellow,22
forget,22
gathered,22
level,22
lights,22
mine,22
mirror,22
nob,22
orc,22
real,22
rule,22
silverlode,22
sit,22
thrust,22
tidings,22
troll,22
watching,22
ways,22
welcome,22
willing,22
yourself,22
brandybuck,21
choose,21
city,21
different,21
ended,21
finger,21
fog,21
leaped,21
listen,21
meant,21
music,21
pool,21
prove,21
sometimes,21
speed,21
sunlight,21
wandered,21
whose,21
amid,20
arch,20
beautiful,20
caradhras,20
chill,20
cliff,20
destroyed,20
difficult,20
durin,20
easy,20
expect,20
fatty,20
ferny,20
ferry,20
isn,20
keen,20
mile,20
paused,20
peregrin,20
plan,20
reason,20
remain,20
remembered,20
sackville,20
single,20
somehow,20
songs,20
spoken,20
stair,20
steps,20
stirred,20
stop,20
taking,20
terrible,20
thoughts,20
wisdom,20
wondering,20
afternoon,19
begin,19
bound,19
breakfast,19
burden,19
counsel,19
crept,19
death,19
direction,19
entered,19
forth,19
gift,19
laughing,19
laughter,19
learn,19
likely,19
listened,19
lords,19
lower,19
meeting,19
message,19
noon,19
precious,19
ridge,19
showed,19
smiled,19
touched,19
towers,19
view,19
winding,19
within,19
woke,19
altogether,18
bad,18
banks,18
belt,18
boughs,18
brief,18
busy,18
cross,18
dared,18
deeply,18
dol,18
dragon,18
glimpse,18
gloom,18
halls,18
holes,18
lad,18
lake,18
landlord,18
lot,18
mark,18
midst,18
needed,18
pleasant,18
pursuit,18
quest,18
riding,18
smooth,18
sooner,18
stared,18
third,18
underhill,18
wanted,18
wore,18
afterwards,17
autumn,17
awake,17
burst,17
careful,17
catch,17
command,17
creature,17
crown,17
deeds,17
died,17
disappeared,17
eating,17
elder,17
enemies,17
flowing,17
flying,17
grown,17
hey,17
hoofs,17
horn,17
huge,17
knowledge,17
luck,17
magic,17
minds,17
nimrodel,17
northward,17
number,17
proved,17
rocks,17
seas,17
servants,17
shoulders,17
sighed,17
skill,17
slender,17
slept,17
sorry,17
stronger,17
trail,17
treasure,17
whispered,17
wrought,17
aloud,16
anxious,16
anyone,16
beasts,16
blew,16
blow,16
break,16
chain,16
content,16
covered,16
cries,16
delight,16
dogs,16
dread,16
eastwards,16
events,16
father,16
feast,16
flight,16
fond,16
friendly,16
friendship,16
galad,16
gap,16
gathering,16
gently,16
gil,16
gleam,16
grief,16
hat,16
having,16
heir,16
hood,16
hoped,16
island,16
knees,16
laden,16
language,16
leaf,16
leagues,16
meaning,16
mostly,16
noticed,16
order,16
packs,16
perilous,16
pity,16
pools,16
realm,16
sense,16
ship,16
shores,16
smile,16
stooped,16
summer,16
swords,16
task,16
threw,16
thus,16
unfriendly,16
usually,16
village,16
wings,16
according,15
adventure,15
aid,15
amon,15
battle,15
bearer,15
beast,15
begun,15
believed,15
blankets,15
bow,15
bushes,15
carried,15
chosen,15
cloaks,15
courage,15
creatures,15
dimrill,15
drawing,15
dry,15
eat,15
enter,15
fine,15
fly,15
guide,15
harm,15
height,15
hurried,15
jumped,15
laugh,15
lawn,15
letter,15
lives,15
looks,15
mail,15
march,15
mouth,15
pain,15
pardon,15
parting,15
pillars,15
please,15
radagast,15
rangers,15
roads,15
sad,15
sang,15
shadowy,15
sought,15
space,15
strangers,15
stretched,15
struck,15
therefore,15
touch,15
track,15
trolls,15
twilight,15
various,15
warning,15
worst,15
wrong,15
adventures,14
anxiously,14
backs,14
brandy,14
bucklebury,14
clean,14
closely,14
count,14
crack,14
daylight,14
discovered,14
eaten,14
errand,14
escaped,14
families,14
figures,14
finished,14
folly,14
fool,14
funny,14
galadhrim,14
gazed,14
gentle,14
havens,14
hearing,14
hilt,14
hither,14
hurry,14
imagined,14
kingdom,14
knowing,14
lamps,14
larger,14
leaping,14
letters,14
lobelia,14
messages,14
mines,14
mists,14
peered,14
peering,14
perils,14
prepared,14
question,14
raised,14
reeds,14
runs,14
sank,14
sheer,14
spare,14
stairs,14
staring,14
stayed,14
sting,14
stuff,14
tops,14
twenty,14
wake,14
whisper,14
wilderland,14
works,14
worry,14
arrows,13
baggage,13
beer,13
bolger,13
burned,13
bye,13
bywater,13
carry,13
cliffs,13
clothes,13
comfortable,13
couldn,13
crossing,13
crying,13
decide,13
destroy,13
dreadful,13
driven,13
dull,13
echo,13
elbereth,13
fading,13
fail,13
fashion,13
final,13
finding,13
foes,13
fresh,13
glance,13
glass,13
gleamed,13
halt,13
haste,13
helped,13
hurrying,13
joy,13
kindred,13
knife,13
leaned,13
legends,13
lines,13
matters,13
mere,13
mistake,13
mortal,13
oh,13
perished,13
pipe,13
plainly,13
pointing,13
points,13
presents,13
putting,13
remains,13
rich,13
seeking,13
shallow,13
shan,13
signs,13
six,13
someone,13
southward,13
spell,13
spite,13
starlight,13
stick,13
stony,13
stories,13
surely,13
swept,13
ten,13
tread,13
twice,13
vast,13
waste,13
weapons,13
weariness,13
wet,13
writing,13
afar,12
allowed,12
amazement,12
angry,12
asking,12
attack,12
balrog,12
barliman,12
behold,12
bird,12
blood,12
boots,12
brandybucks,12
breast,12
brow,12
calling,12
ceased,12
children,12
clearer,12
clearly,12
comfort,12
crickhollow,12
deeper,12
desperate,12
discover,12
drove,12
ends,12
eyed,12
fancy,12
flet,12
flows,12
forced,12
fortune,12
gazing,12
glade,12
glimmering,12
glittered,12
heed,12
higher,12
holding,12
huddled,12
hurt,12
isengard,12
jewels,12
journeyed,12
leader,12
lonely,12
loomed,12
loss,12
marched,12
marks,12
means,12
miss,12
money,12
nigh,12
noises,12
odd,12
older,12
openly,12
pace,12
pack,12
picked,12
plunged,12
possessed,12
powers,12
removed,12
reward,12
rise,12
root,12
setting,12
shaking,12
shook,12
silently,12
sounds,12
spot,12
spread,12
stiff,12
storm,12
strike,12
taller,12
telling,12
thank,12
turf,12
vain,12
wasn,12
wholly,12
withywindle,12
accident,11
agol,11
alive,11
anywhere,11
axe,11
beren,11
borne,11
bruinen,11
buried,11
camp,11
candles,11
chiefly,11
chose,11
concerned,11
concerning,11
crowned,11
cunning,11
dare,11
daughter,11
delay,11
desired,11
dimly,11
dismay,11
disturbed,11
doings,11
drum,11
during,11
effort,11
fade,11
fat,11
fate,11
fathers,11
field,11
finish,11
flames,11
flash,11
flashed,11
fountain,11
horrible,11
howling,11
hungry,11
information,11
inhabitants,11
interested,11
invisible,11
lilies,11
main,11
marshes,11
menor,11
mention,11
mithril,11
nightfall,11
ominous,11
otherwise,11
paddle,11
peaks,11
pierced,11
piled,11
pretty,11
ranger,11
rauros,11
reckoning,11
refreshed,11
repeated,11
rope,11
scent,11
seated,11
secrets,11
serve,11
shade,11
shelter,11
shot,11
shout,11
simple,11
special,11
spies,11
startled,11
stout,11
swung,11
ted,11
tended,11
thien,11
tin,11
upper,11
useful,11
viel,11
vision,11
waking,11
wander,11
wilderness,11
wolf,11
wouldn,11
yours,11
absurd,10
alarm,10
amroth,10
apart,10
appear,10
around,10
arrow,10
ate,10
attempt,10
attention,10
beat,10
beds,10
begging,10
bitter,10
blades,10
books,10
bringing,10
brink,10
brows,10
claim,10
cleared,10
companion,10
cousin,10
cover,10
cracked,10
craft,10
creeping,10
cruel,10
curious,10
custom,10
despair,10
die,10
downwards,10
draw,10
drogo,10
drowned,10
eagerly,10
endless,10
exclaimed,10
explain,10
faintly,10
fault,10
fears,10
foam,10
fredegar,10
greenway,10
grim,10
grows,10
hanging,10
hearth,10
hen,10
hollin,10
houses,10
hunting,10
idea,10
interest,10
iron,10
joke,10
kindly,10
legend,10
lightly,10
liked,10
log,10
loudly,10
mushrooms,10
named,10
nice,10
nights,10
notice,10
ordered,10
passages,10
passes,10
rang,10
redhorn,10
revealed,10
risk,10
runes,10
sailing,10
searching,10
seized,10
shaft,10
sharply,10
shrill,10
sm,10
smiling,10
stained,10
stands,10
stock,10
strode,10
tail,10
talked,10
teeth,10
thickets,10
thief,10
thirty,10
thoughtfully,10
throw,10
tongues,10
trembling,10
trunk,10
trunks,10
tune,10
waited,10
warn,10
washed,10
wear,10
week,10
weight,10
withered,10
worn,10
wrapped,10
wrath,10
write,10
yonder,10
younger,10
abroad,9
ages,9
agreed,9
arathorn,9
astonishment,9
bane,9
beard,9
beg,9
bend,9
bid,9
bite,9
bob,9
bone,9
bones,9
branch,9
bread,9
breaking,9
captain,9
carefully,9
closer,9
cloth,9
clutching,9
common,9
continued,9
cracks,9
curtains,9
dance,9
darker,9
defeat,9
delayed,9
delighted,9
delving,9
draught,9
dreams,9
drive,9
eager,9
easily,9
emyn,9
ending,9
evidently,9
fairly,9
favourite,9
fireworks,9
flood,9
flung,9
force,9
fully,9
galdor,9
game,9
garments,9
gasped,9
gleaming,9
glimmer,9
greatest,9
greatly,9
happen,9
harsh,9
hastily,9
heights,9
hide,9
hiding,9
ho,9
horror,9
idle,9
imagine,9
immediately,9
impossible,9
joined,9
keeping,9
kitchen,9
lately,9
leaning,9
limbs,9
lose,9
loved,9
mallorn,9
marish,9
masters,9
meanwhile,9
messenger,9
michel,9
mid,9
minute,9
mischief,9
morgul,9
mound,9
mounted,9
muil,9
muttering,9
neck,9
needs,9
nonetheless,9
notes,9
offer,9
ourselves,9
outer,9
peculiar,9
played,9
pressed,9
proper,9
race,9
rapids,9
received,9
reckon,9
relief,9
relieved,9
remote,9
replied,9
reported,9
riddle,9
ringwraiths,9
roaring,9
rocky,9
rolling,9
rough,9
rumours,9
saved,9
shaped,9
slain,9
sniffing,9
spear,9
spent,9
springing,9
stage,9
stranger,9
string,9
stuck,9
tap,9
tears,9
thr,9
throat,9
thrown,9
tooks,9
travel,9
twinkling,9
unable,9
understood,9
unknown,9
unseen,9
usual,9
vanish,9
veiled,9
waggon,9
wealth,9
westernesse,9
wherever,9
whispering,9
whistling,9
wildly,9
yard,9
advise,8
affair,8
ale,8
anger,8
anxiety,8
approaching,8
art,8
arwen,8
barren,8
bearing,8
beats,8
becoming,8
bless,8
blocked,8
blowing,8
brandir,8
breathed,8
brightly,8
build,8
carrying,8
chairs,8
chapters,8
cloven,8
coat,8
colour,8
comer,8
concern,8
couple,8
cow,8
crowded,8
cup,8
danced,8
deny,8
departed,8
dinner,8
divided,8
dragons,8
drift,8
drinking,8
driving,8
dwellings,8
easier,8
eastfarthing,8
edges,8
endure,8
event,8
eventually,8
failed,8
fifty,8
fir,8
fit,8
forty,8
fought,8
foul,8
gebir,8
giving,8
gladden,8
glint,8
glinted,8
glittering,8
glowed,8
glowing,8
goods,8
grave,8
guards,8
halfling,8
hammer,8
happy,8
hated,8
hints,8
hiss,8
horsemen,8
jacket,8
join,8
journeys,8
khazad,8
knock,8
ladder,8
lamp,8
landing,8
leather,8
lighter,8
longed,8
lumpkin,8
lunch,8
marked,8
merely,8
meriadoc,8
messengers,8
miller,8
miserable,8
missed,8
moonlight,8
mouths,8
nadan,8
naught,8
nay,8
nearest,8
nobody,8
northwards,8
offered,8
ordinary,8
original,8
orthanc,8
packed,8
pavilion,8
picking,8
pleased,8
plenty,8
pointed,8
preserved,8
price,8
promised,8
proud,8
pursued,8
pushed,8
queen,8
reappeared,8
reckoned,8
records,8
region,8
reluctant,8
rested,8
returning,8
rightly,8
rim,8
rippling,8
row,8
rubbed,8
ruined,8
rumour,8
rush,8
sarn,8
search,8
settled,8
shaken,8
shuddered,8
size,8
smell,8
somewhere,8
sorrow,8
sounded,8
sped,8
steady,8
steel,8
steeply,8
stooping,8
stray,8
stroke,8
study,8
stumbled,8
sunset,8
surface,8
tells,8
terrified,8
threshold,8
throwing,8
tol,8
tunnel,8
tunnels,8
turns,8
twisted,8
uneasy,8
unexpected,8
upwards,8
vague,8
vale,8
watchful,8
wave,8
whither,8
wider,8
worth,8
wrote,8
accepted,7
accounts,7
advanced,7
agree,7
allow,7
although,7
arrived,7
beaten,7
bell,7
belongs,7
bending,7
bleak,7
blind,7
blindly,7
box,7
brings,7
broader,7
bubbling,7
building,7
burdens,7
carved,7
cautiously,7
cheerful,7
clock,7
clop,7
clothed,7
commanding,7
complete,7
considering,7
constantly,7
crawled,7
curled,7
cutting,7
dancing,7
daresay,7
dealings,7
declared,7
depths,7
descended,7
doorway,7
due,7
dwindled,7
e,7
eight,7
enchanted,7
familiar,7
fangorn,7
fare,7
fierce,7
fiery,7
fill,7
finally,7
fold,7
foolish,7
form,7
forms,7
forsaken,7
gems,7
glinting,7
gravely,7
grimly,7
happily,7
heal,7
healing,7
heather,7
helm,7
hesitated,7
holiday,7
honour,7
host,7
hue,7
hundreds,7
icy,7
inquisitive,7
intently,7
invited,7
lantern,7
liking,7
louder,7
luggage,7
mad,7
madness,7
maker,7
makes,7
malice,7
match,7
melt,7
members,7
memories,7
mingled,7
minutes,7
mirrormere,7
mounds,7
mount,7
movements,7
naked,7
necessary,7
nedain,7
nodded,7
numerous,7
obliged,7
obviously,7
occasion,7
occasionally,7
orders,7
paddles,7
partly,7
pay,7
permitted,7
pick,7
pit,7
porch,7
prancing,7
pulled,7
quicker,7
ram,7
rear,7
recalled,7
refuse,7
refused,7
rendil,7
report,7
reveal,7
rid,7
ridiculous,7
rivers,7
roused,7
ruins,7
rushing,7
rustle,7
sadly,7
sandyman,7
secretly,7
september,7
serious,7
service,7
settle,7
sheltered,7
shine,7
shivered,7
shouldn,7
shown,7
simply,7
sinking,7
skin,7
sleepy,7
slip,7
slipping,7
sloping,7
smials,7
smiths,7
smoking,7
somewhat,7
sons,7
spirits,7
spoons,7
spreading,7
starting,7
stir,7
streaming,7
studied,7
surprised,7
swan,7
tables,7
taught,7
test,7
thain,7
thicker,7
thorin,7
thousand,7
threat,7
thunder,7
token,7
trodden,7
troubles,7
trusted,7
twelve,7
useless,7
uses,7
valiant,7
visible,7
visit,7
wanderers,7
waning,7
wary,7
weed,7
whistled,7
wield,7
wights,7
wonderful,7
wooded,7
woodhall,7
woodland,7
worried,7
yards,7
yourselves,7
alarmed,6
anor,6
apple,6
approached,6
arched,6
archet,6
archway,6
astonished,6
astray,6
b,6
backwards,6
bagshot,6
bay,6
beating,6
beauty,6
becomes,6
begged,6
beheld,6
bells,6
belonged,6
besides,6
betrayed,6
bind,6
biting,6
blame,6
blanket,6
blown,6
boffins,6
border,6
bottles,6
bowing,6
brambles,6
brand,6
breeze,6
brother,6
butter,6
caras,6
cat,6
cause,6
centre,6
changes,6
changing,6
channel,6
cheerless,6
chorus,6
clapped,6
commanded,6
considered,6
copy,6
crash,6
crawling,6
crystal,6
curiously,6
current,6
dangers,6
darkly,6
dashed,6
debate,6
deeps,6
defence,6
denethor,6
derry,6
dew,6
dike,6
disaster,6
dog,6
dominion,6
doubtfully,6
doubtless,6
downhill,6
dragged,6
dreaded,6
dropped,6
eagle,6
eagles,6
ear,6
eaves,6
eh,6
elsewhere,6
endlessly,6
endured,6
entrance,6
eriador,6
everyone,6
exile,6
expression,6
failing,6
farm,6
feather,6
fellowship,6
fences,6
fetch,6
fight,6
file,6
firelight,6
firm,6
firmly,6
flats,6
flies,6
floating,6
footed,6
footsteps,6
forged,6
forgive,6
formed,6
former,6
frightened,6
frozen,6
fun,6
galadhon,6
galloping,6
gaze,6
gear,6
glamdring,6
glanced,6
glimpses,6
glow,6
greyflood,6
groped,6
groping,6
guldur,6
hadn,6
handed,6
happier,6
harder,6
hasn,6
health,6
heavens,6
heavily,6
heirs,6
hillside,6
holds,6
holly,6
howls,6
hoy,6
imladris,6
innkeeper,6
instance,6
instant,6
intended,6
keeper,6
key,6
kheled,6
kill,6
kindled,6
kinds,6
lack,6
lain,6
lanterns,6
largely,6
league,6
lesser,6
lifting,6
lightning,6
lip,6
lo,6
lock,6
loose,6
mainly,6
managed,6
marvellous,6
melted,6
mentioned,6
metal,6
month,6
months,6
mortals,6
mother,6
mounting,6
movement,6
mrs,6
murmured,6
mysterious,6
nameless,6
ninety,6
nonsense,6
nose,6
nowhere,6
numbers,6
oldest,6
ones,6
osgiliath,6
otho,6
overhead,6
packing,6
paid,6
painful,6
patches,6
perceived,6
pile,6
plant,6
planted,6
poetry,6
possess,6
presently,6
prevent,6
private,6
reared,6
recall,6
regarded,6
regret,6
relations,6
relatives,6
restless,6
ri,6
ril,6
ruin,6
ruling,6
saddle,6
safely,6
scared,6
scattered,6
senses,6
servant,6
served,6
shimmering,6
shivering,6
shouting,6
shrank,6
sighing,6
silly,6
sink,6
slanting,6
smelling,6
smote,6
snakes,6
snorted,6
splendid,6
springs,6
spy,6
stammered,6
steam,6
stem,6
stems,6
stoors,6
streams,6
struggled,6
stumbling,6
stupid,6
summoned,6
sunlit,6
sunrise,6
swim,6
swimming,6
tea,6
throne,6
toes,6
tomb,6
torment,6
tossed,6
tough,6
toward,6
towered,6
traveller,6
tray,6
trick,6
trotting,6
uncomfortable,6
unpleasant,6
venture,6
verses,6
victory,6
vigour,6
wanting,6
warmer,6
waving,6
wearing,6
welcomed,6
westmarch,6
westwards,6
wine,6
wits,6
worrying,6
woven,6
wretched,6
z,6
accounted,5
accustomed,5
admit,5
aided,5
ain,5
animal,5
answering,5
anvil,5
argonath,5
arisen,5
armies,5
arose,5
arrival,5
ash,5
ashes,5
audience,5
authority,5
avail,5
avoid,5
awe,5
awoke,5
bade,5
bags,5
bar,5
barred,5
barrows,5
basin,5
bath,5
bathe,5
beginnings,5
begins,5
belong,5
beloved,5
blessed,5
blinding,5
body,5
bold,5
bole,5
boom,5
bows,5
breathe,5
breathless,5
brick,5
brighter,5
bristling,5
cakes,5
candle,5
catching,5
causeway,5
cave,5
cavernous,5
chains,5
challenge,5
character,5
chasm,5
cheers,5
chin,5
choosing,5
clapping,5
cloaked,5
closing,5
clouded,5
collected,5
colours,5
concealed,5
concerns,5
consider,5
corners,5
counsels,5
countless,5
courses,5
creak,5
creaking,5
creep,5
crowd,5
crumbling,5
cure,5
curving,5
damp,5
dawned,5
dearly,5
decision,5
deepened,5
defeated,5
demanded,5
departure,5
depends,5
deserted,5
dig,5
direct,5
disappearance,5
doorstep,5
double,5
doubtful,5
drank,5
dreaming,5
drop,5
drums,5
dwelling,5
dying,5
ease,5
echoes,5
echoing,5
elanor,5
eleventy,5
elm,5
encouraged,5
entirely,5
envelope,5
eregion,5
erestor,5
escaping,5
exactly,5
exceedingly,5
excellent,5
excitement,5
expecting,5
experience,5
fails,5
fairest,5
false,5
faster,5
fearless,5
fiddle,5
fifth,5
filling,5
fireside,5
fish,5
fixed,5
flakes,5
floated,5
flower,5
fluttering,5
foaming,5
foggy,5
forgot,5
fortress,5
founded,5
fountains,5
fourth,5
freely,5
fro,5
g,5
gatekeeper,5
gel,5
general,5
generally,5
generous,5
gifts,5
gilthoniel,5
gladly,5
glancing,5
glimpsed,5
glistening,5
gloomy,5
gnarled,5
grandmother,5
greet,5
greeted,5
grievous,5
grip,5
guarded,5
guesses,5
guessing,5
guest,5
habit,5
halflings,5
harfoots,5
hastened,5
hatred,5
haze,5
healed,5
heavier,5
hedges,5
heeded,5
hewn,5
hid,5
hideous,5
hissed,5
hissing,5
histories,5
hoarwell,5
hollows,5
hop,5
hopeful,5
horseman,5
household,5
hunt,5
hunters,5
importance,5
indoors,5
instead,5
introduced,5
judge,5
june,5
kicked,5
killed,5
kin,5
knives,5
languages,5
latest,5
latter,5
law,5
leap,5
letting,5
lhaw,5
lid,5
lingered,5
local,5
locked,5
lofty,5
loneliness,5
loudwater,5
lucky,5
maintained,5
maps,5
marches,5
mathom,5
mazarbul,5
meadows,5
measure,5
member,5
menacing,5
midnight,5
mill,5
mirrored,5
missing,5
mixed,5
mood,5
moors,5
mud,5
muffled,5
murder,5
nasty,5
natural,5
nazg,5
noble,5
note,5
notion,5
nuisance,5
october,5
oft,5
outwards,5
overcome,5
overshadowed,5
pages,5
patch,5
paved,5
peaceful,5
peeping,5
person,5
piece,5
pieces,5
piercing,5
pine,5
play,5
plot,5
polished,5
portage,5
powerful,5
preferred,5
preparations,5
presence,5
promise,5
protection,5
proudfoot,5
puffed,5
purposes,5
pursuing,5
puzzled,5
questioned,5
quiver,5
rare,5
readers,5
realized,5
recent,5
record,5
refuge,5
regions,5
related,5
remarkable,5
remembering,5
reputation,5
resist,5
retreated,5
revenge,5
riddles,5
ringing,5
ripe,5
roar,5
robes,5
roll,5
rooms,5
rules,5
rushed,5
sail,5
sale,5
scrambled,5
script,5
searched,5
sell,5
shades,5
shake,5
share,5
shears,5
sheath,5
ships,5
shrouded,5
similar,5
sixty,5
skins,5
skirts,5
slower,5
solid,5
southfarthing,5
specks,5
splash,5
splendour,5
staggered,5
starry,5
steered,5
store,5
strands,5
strangely,5
strayed,5
streamed,5
struggling,5
studded,5
suggested,5
sung,5
supposed,5
suspicion,5
suspicious,5
swam,5
swayed,5
swirling,5
takes,5
tangled,5
terribly,5
thee,5
thicket,5
thither,5
threatening,5
thy,5
timid,5
tipped,5
tiring,5
tossing,5
treacherous,5
treeless,5
tremble,5
trespassing,5
tumbled,5
unbroken,5
uncovered,5
uneasily,5
unlikely,5
urgently,5
vanishing,5
veil,5
visions,5
visited,5
vote,5
wailing,5
wars,5
waved,5
waves,5
weapon,5
weeping,5
wells,5
whispers,5
wife,5
willingly,5
wisps,5
wooden,5
youth,5
abominable,4
affairs,4
afford,4
ai,4
alike,4
allies,4
aloft,4
amiss,4
angmar,4
annoyed,4
appearance,4
apples,4
approved,4
arches,4
aren,4
arnor,4
assailed,4
astonishing,4
attacked,4
author,4
awakened,4
bark,4
barley,4
basket,4
befallen,4
beornings,4
beware,4
bidding,4
bits,4
blank,4
blast,4
blaze,4
blazing,4
blindfold,4
bloom,4
blurred,4
bodies,4
boffin,4
bog,4
bolgers,4
bolt,4
bolted,4
bonfire,4
born,4
bottle,4
bough,4
boulders,4
bounds,4
branching,4
brave,4
breathing,4
breeches,4
bridges,4
briefly,4
brooch,4
brook,4
bucklanders,4
bush,4
camped,4
camping,4
cart,4
carts,4
carven,4
celebrant,4
cerin,4
cheat,4
chetwood,4
chieftains,4
child,4
chilled,4
chimney,4
choked,4
circlet,4
circling,4
clambered,4
clearing,4
cleft,4
clever,4
clip,4
clutched,4
conspiracy,4
contained,4
copies,4
corridor,4
corslet,4
crooked,4
crouched,4
crouching,4
cured,4
curiosity,4
curling,4
cursed,4
cursing,4
curtain,4
dad,4
darkened,4
deed,4
deem,4
dells,4
demand,4
depart,4
departing,4
deserve,4
designs,4
desires,4
desolate,4
despaired,4
difficulty,4
dillo,4
disappearing,4
discovery,4
discussed,4
discussing,4
dish,4
dislike,4
dismayed,4
district,4
dived,4
doesn,4
domain,4
doomed,4
doubts,4
drained,4
draws,4
dreary,4
dressed,4
dripping,4
drownded,4
dungeons,4
dust,4
dwells,4
effect,4
eldest,4
emptiness,4
encircling,4
encouraging,4
enjoyed,4
entwash,4
ettenmoors,4
eve,4
everywhere,4
evidence,4
explanation,4
explored,4
faced,4
facing,4
fairer,4
faithful,4
falter,4
farthings,4
fashioned,4
fastened,4
fed,4
fellows,4
fiercely,4
fiftieth,4
finds,4
fingered,4
fingering,4
firewood,4
flared,4
flew,4
flickered,4
fling,4
flow,4
folks,4
foothills,4
foreseen,4
forgetting,4
fornost,4
forwards,4
fragrance,4
fragrant,4
frost,4
fuel,4
future,4
galloped,4
gaping,4
gardens,4
gather,4
generations,4
giants,4
glen,4
gondolin,4
grandson,4
grasp,4
grasses,4
grassy,4
grateful,4
gripped,4
guided,4
gurgling,4
gwaihir,4
hallo,4
handle,4
hate,4
heat,4
herbs,4
herself,4
hesitating,4
hewed,4
hinder,4
hindered,4
hint,4
hoarse,4
homelike,4
honest,4
hopefully,4
horns,4
hosts,4
hullo,4
hunger,4
hunted,4
hurled,4
hush,4
impatiently,4
inch,4
included,4
increased,4
inhabited,4
inner,4
insisted,4
interrupted,4
interrupting,4
invitations,4
inwards,4
isle,4
issued,4
item,4
jewel,4
job,4
jogging,4
jolly,4
journeying,4
kindness,4
knocking,4
labours,4
lap,4
lasting,4
lasts,4
lean,4
leapt,4
lengthened,4
lest,4
likes,4
lined,4
lips,4
longing,4
loop,4
lots,4
lurking,4
manage,4
manner,4
mantelpiece,4
mayor,4
meantime,4
mended,4
merrily,4
merrymaking,4
moored,4
muddy,4
mugs,4
murmur,4
naith,4
nearby,4
necks,4
neighbourhood,4
nephew,4
netted,4
nightly,4
nodding,4
noses,4
obtained,4
occupied,4
occurred,4
office,4
opens,4
origin,4
orodruin,4
ours,4
outlandish,4
outsiders,4
overcame,4
overhung,4
paddled,4
page,4
pair,4
pan,4
paper,4
parties,4
pathless,4
peak,4
pearl,4
perceive,4
perch,4
perfect,4
pierce,4
pillar,4
pinnacle,4
plague,4
plains,4
plans,4
plight,4
plodded,4
plumes,4
polite,4
pondered,4
possibly,4
pouring,4
praise,4
pray,4
prevented,4
process,4
prospect,4
proudly,4
pulling,4
pursuers,4
pushing,4
quaking,4
quivering,4
range,4
ravine,4
reaches,4
reading,4
recounted,4
reed,4
released,4
reluctantly,4
remainder,4
remaining,4
remark,4
remnant,4
repeat,4
reply,4
reports,4
required,4
ridden,4
ridges,4
rion,4
ripples,4
risen,4
rises,4
roared,4
rooted,4
ropes,4
rushes,4
rustled,4
safety,4
sake,4
scored,4
scratched,4
seeming,4
selection,4
selling,4
shadowed,4
shafts,4
shapeless,4
shaven,4
sheep,4
shelf,4
shield,4
shift,4
shimmered,4
shirt,4
shoes,4
shoot,4
shorter,4
shutters,4
sirannon,4
skilful,4
sleepiness,4
sleeping,4
slew,4
slimy,4
slopped,4
smaller,4
sniff,4
sold,4
solemnly,4
somebody,4
sorts,4
source,4
specially,4
spells,4
spend,4
spirit,4
square,4
staddle,4
staying,4
steeds,4
stern,4
sticks,4
stole,4
stowed,4
stretching,4
strip,4
strokes,4
struggle,4
sturdy,4
suffer,4
summit,4
sunk,4
sunshine,4
survived,4
suspect,4
suspiciously,4
sward,4
sway,4
sweep,4
swirled,4
swish,4
talks,4
tapping,4
thingol,4
thinner,4
thirsty,4
thranduil,4
tight,4
tindrock,4
title,4
toil,4
tone,4
towering,4
trace,4
traffic,4
trailed,4
tramping,4
trapped,4
travelled,4
treasures,4
trotted,4
trudged,4
twinkled,4
uncle,4
undergrowth,4
unexpectedly,4
unusually,4
urged,4
using,4
valandil,4
valimar,4
valleys,4
valour,4
varda,4
villages,4
virtue,4
voyage,4
waned,4
warily,4
warnings,4
weak,4
wearily,4
weeks,4
weighed,4
wept,4
westering,4
whence,4
whined,4
whip,4
whoa,4
wholesome,4
wicked,4
widening,4
wight,4
willows,4
withdrawn,4
withstand,4
wizards,4
woman,4
woodlands,4
woody,4
worthy,4
yawned,4
yell,4
yesterday,4
yield,4
abandon,3
abandoned,3
abode,3
absence,3
adamant,3
addition,3
addressed,3
advancing,3
adventurous,3
alarming,3
alder,3
allegory,3
alliance,3
ammen,3
amused,3
anew,3
angrily,3
animals,3
ankle,3
announced,3
annoyance,3
answers,3
april,3
ar,3
argue,3
armour,3
arranged,3
arrangement,3
arrangements,3
arrive,3
arts,3
assault,3
assembled,3
athelas,3
attentive,3
await,3
backed,3
background,3
bandobras,3
banner,3
banners,3
barad,3
barahir,3
barely,3
bathed,3
battered,3
battlement,3
beam,3
beams,3
beckoned,3
belfalas,3
belts,3
berry,3
beset,3
bewildered,3
bigger,3
bitterly,3
blackened,3
blazed,3
blending,3
blessing,3
block,3
blossom,3
boggy,3
bombadillo,3
boot,3
booted,3
bordered,3
boulder,3
boundary,3
bower,3
bracegirdles,3
breakfasted,3
brothers,3
buck,3
bundle,3
burrows,3
butterflies,3
buy,3
buzzing,3
calls,3
cared,3
caution,3
celebrate,3
celebrimbor,3
centuries,3
century,3
chanting,3
characters,3
chased,3
checked,3
cheer,3
chests,3
chieftain,3
childhood,3
clang,3
clinging,3
clung,3
colder,3
collapsed,3
combe,3
comforted,3
completely,3
confused,3
connected,3
conquered,3
continue,3
contrived,3
control,3
copper,3
corrected,3
counting,3
covers,3
cracker,3
crackers,3
cram,3
crashing,3
creaked,3
cream,3
credit,3
crescent,3
crest,3
crow,3
curse,3
cushions,3
customer,3
cuts,3
darkling,3
dazzled,3
dazzling,3
dealing,3
debated,3
decayed,3
decent,3
deepening,3
defended,3
deliver,3
delve,3
delved,3
den,3
denser,3
depressed,3
derived,3
descendants,3
deserves,3
design,3
desiring,3
destroying,3
developed,3
devised,3
diary,3
diddle,3
dignity,3
dikes,3
diminished,3
ding,3
disappear,3
disastrous,3
discuss,3
distantly,3
distress,3
distressed,3
disturbing,3
ditches,3
domination,3
dot,3
dozed,3
dozen,3
dragging,3
dried,3
drifting,3
drip,3
dripped,3
drops,3
drown,3
drunk,3
dunland,3
duty,3
dwindling,3
earlier,3
eavesdropping,3
echoed,3
edition,3
edro,3
eighth,3
eldamar,3
elessar,3
elladan,3
elrohir,3
elwing,3
em,3
enchantment,3
enormous,3
er,3
esgaroth,3
everybody,3
examined,3
excited,3
existence,3
explore,3
eyebrows,3
eyeing,3
faggot,3
faith,3
faithless,3
fallohides,3
fallow,3
faltered,3
fancied,3
feigned,3
felled,3
fewer,3
filed,3
finishing,3
fires,3
fissure,3
fitting,3
flaming,3
flee,3
flicker,3
flights,3
flocks,3
flowering,3
foe,3
foiled,3
folco,3
folds,3
followers,3
follows,3
fools,3
footfall,3
footprints,3
foreign,3
foremost,3
foresee,3
foretell,3
forge,3
formless,3
fortnight,3
fortunate,3
fouler,3
fox,3
fragments,3
freedom,3
freeze,3
frowned,3
frowning,3
fundin,3
fur,3
furlong,3
furniture,3
furthest,3
gasp,3
girdle,3
girth,3
glimmered,3
glitter,3
glory,3
gnawed,3
goblins,3
goodness,3
gorbadoc,3
gossamer,3
grabbed,3
gravest,3
greedy,3
grin,3
gross,3
growled,3
growth,3
guidance,3
guiding,3
gulf,3
hail,3
haired,3
hal,3
halting,3
halts,3
handling,3
handsome,3
harp,3
harry,3
hasten,3
hasty,3
hauled,3
hazy,3
hearties,3
heaved,3
heirloom,3
helms,3
helpless,3
hem,3
hemlock,3
hence,3
herb,3
hi,3
highlands,3
hillsides,3
hitherto,3
hoard,3
homes,3
honey,3
hoods,3
hopeless,3
hoping,3
hopping,3
hornblowers,3
hum,3
hurray,3
hythe,3
iarwain,3
ice,3
ilmarin,3
immortal,3
improved,3
index,3
indignant,3
inevitable,3
inglorion,3
inheritance,3
ink,3
innumerable,3
instruments,3
invaded,3
invasion,3
invitation,3
involved,3
isengrim,3
ithil,3
ivy,3
jagged,3
joins,3
joints,3
judgement,3
jump,3
keeps,3
kingly,3
knoll,3
la,3
labels,3
labour,3
landers,3
largest,3
leads,3
leafless,3
leaps,3
learning,3
leastways,3
legendary,3
lift,3
likeness,3
lindir,3
lineage,3
linger,3
link,3
load,3
longbottom,3
looming,3
lowered,3
lowest,3
lowlands,3
luminous,3
magical,3
maiden,3
maidens,3
mantle,3
marching,3
marvel,3
material,3
meals,3
measured,3
meat,3
menace,3
merrier,3
midges,3
midsummer,3
mil,3
milk,3
mirth,3
miruvor,3
miserably,3
mistaken,3
monday,3
motionless,3
mournful,3
mug,3
mugwort,3
murmuring,3
musical,3
muster,3
mustering,3
nam,3
narsil,3
naur,3
nd,3
ni,3
nod,3
notched,3
oath,3
objected,3
obstinate,3
obtain,3
occasional,3
openings,3
opinion,3
opposite,3
ori,3
originally,3
outset,3
oval,3
overheard,3
overlooked,3
paces,3
packages,3
packet,3
papers,3
parlour,3
particular,3
patter,3
pause,3
pedestal,3
peeped,3
pennies,3
perish,3
permanent,3
permission,3
persons,3
phial,3
pines,3
pipes,3
pits,3
plainer,3
plates,3
pleasure,3
poles,3
politely,3
post,3
posts,3
potatoes,3
pour,3
poured,3
prefer,3
press,3
pressing,3
pretended,3
pride,3
prison,3
profound,3
proof,3
proudfoots,3
provisions,3
prow,3
prying,3
quarter,3
quavering,3
queerer,3
quickest,3
raiment,3
rains,3
raising,3
rapidly,3
rays,3
reaching,3
reader,3
realize,3
reference,3
reflection,3
reluctance,3
remarks,3
reminded,3
reminds,3
renewed,3
renowned,3
request,3
resisted,3
resting,3
restlessly,3
rhyme,3
ribbon,3
riddermark,3
rippled,3
rival,3
rockets,3
rohirrim,3
rory,3
rumble,3
rune,3
rustic,3
rustling,3
safer,3
sails,3
satisfy,3
scabbard,3
scorched,3
scowl,3
scramble,3
scream,3
screened,3
scroll,3
seed,3
seemingly,3
sending,3
sequel,3
seventh,3
shame,3
shapely,3
shifted,3
shiver,3
shock,3
shorten,3
showing,3
shows,3
shudder,3
shutting,3
sick,3
sigh,3
silk,3
silmaril,3
silvan,3
sires,3
sits,3
situation,3
slab,3
slammed,3
slap,3
slashed,3
slaves,3
slid,3
sliding,3
sloped,3
slumber,3
smoked,3
snapping,3
softer,3
sore,3
sources,3
southerner,3
spaces,3
span,3
spears,3
spider,3
splashing,3
spoon,3
sprawling,3
spying,3
squint,3
stab,3
stagnant,3
stain,3
stalked,3
stare,3
starless,3
steaming,3
steer,3
sternly,3
stirring,3
stirrups,3
stolen,3
stores,3
strained,3
straining,3
strewn,3
stripped,3
strive,3
strongest,3
stuffy,3
stumps,3
stunted,3
submit,3
subsided,3
subtle,3
succeed,3
suitable,3
sullen,3
summon,3
sundered,3
sundering,3
sundown,3
sunless,3
surpassing,3
surprising,3
suspected,3
swans,3
sweeping,3
swifter,3
swinging,3
swirl,3
talan,3
tallest,3
tamed,3
tarried,3
tarry,3
temptation,3
tents,3
terms,3
terraces,3
terrifying,3
thanked,3
thankful,3
thanks,3
tharbad,3
thatched,3
therein,3
thickly,3
thinks,3
thirteen,3
thongs,3
thorn,3
thousands,3
thread,3
threads,3
thrice,3
thursday,3
tide,3
tidy,3
tim,3
tinder,3
tip,3
toiled,3
toiling,3
torches,3
tormented,3
torn,3
town,3
toys,3
traced,3
traces,3
trailing,3
trap,3
travelling,3
trembled,3
trial,3
tribute,3
trifle,3
troop,3
trot,3
trough,3
trumpets,3
trusty,3
tunic,3
twig,3
twigs,3
ugly,3
unadorned,3
uncanny,3
unchanged,3
uncouth,3
unfair,3
unguarded,3
unhindered,3
unlike,3
unmasked,3
unnoticed,3
unscathed,3
unused,3
unwilling,3
urgent,3
value,3
varied,3
variety,3
verily,3
volume,3
volumes,3
wail,3
waistcoat,3
wakened,3
wakes,3
wand,3
wanderer,3
wardens,3
wargs,3
warmth,3
warrior,3
wash,3
watchers,3
watchfulness,3
waterfall,3
wavering,3
waylaid,3
weren,3
westfarthing,3
westron,3
wheeling,3
wheels,3
whereas,3
whirled,3
whiter,3
widest,3
wields,3
windings,3
winds,3
wing,3
winged,3
withdrew,3
wither,3
wives,3
wonderfully,3
woollen,3
worked,3
wounds,3
wove,3
wraith,3
youngster,3
abide,2
abreast,2
abyss,2
accessory,2
accomplish,2
accord,2
accursed,2
ached,2
achieve,2
actual,2
adding,2
additions,2
address,2
adelard,2
admirable,2
adopted,2
adrift,2
advantage,2
advised,2
afield,2
afterthought,2
agreement,2
aimlessly,2
airs,2
ajar,2
alert,2
allegorical,2
allows,2
alongside,2
alter,2
altered,2
amazed,2
ambush,2
amidst,2
ancestral,2
angband,2
angle,2
ann,2
announce,2
announcement,2
anybody,2
apparently,2
appearing,2
applicability,2
appointed,2
apron,2
apt,2
argued,2
arguing,2
argument,2
aright,2
armed,2
arouse,2
aroused,2
arrange,2
arriving,2
articles,2
ashore,2
assail,2
assistance,2
asunder,2
aught,2
avoided,2
avoiding,2
awaited,2
awhile,2
awkward,2
badgers,2
bald,2
band,2
bang,2
baranduin,2
bard,2
bargain,2
barking,2
barrel,2
bars,2
beaches,2
beacons,2
beads,2
beans,2
bearable,2
bears,2
beckoning,2
bedroom,2
bedrooms,2
beforehand,2
behalf,2
behave,2
behaviour,2
bellows,2
beorn,2
berries,2
beryl,2
besieged,2
bewildering,2
bidden,2
billows,2
birches,2
birthdays,2
blackness,2
blamed,2
blankly,2
blemish,2
blinked,2
blinking,2
blur,2
blushed,2
blushing,2
boating,2
bogs,2
boiling,2
bolder,2
boldest,2
bolsters,2
bombur,2
boned,2
bony,2
bootless,2
bothered,2
bounders,2
bowls,2
bowmen,2
boxes,2
bracegirdle,2
brakes,2
branched,2
brandished,2
breathlessly,2
bred,2
breed,2
breek,2
brew,2
brim,2
broadening,2
brockhouse,2
brockhouses,2
brooding,2
bruised,2
brushwood,2
bullroarer,2
bump,2
bumped,2
bundles,2
burdened,2
burn,2
burrowses,2
bushy,2
busied,2
busier,2
bustling,2
c,2
cairn,2
cap,2
capable,2
capture,2
careless,2
carn,2
ceiling,2
celebdil,2
celebr,2
cellars,2
certainty,2
chant,2
chap,2
charge,2
charming,2
chase,2
chattering,2
cheated,2
check,2
cheek,2
cheerfully,2
cheese,2
chilling,2
chimneys,2
chink,2
choices,2
chubbs,2
chuckled,2
citadel,2
clamour,2
clash,2
clasped,2
clatter,2
claws,2
clay,2
clefts,2
climbs,2
cling,2
clipped,2
clippety,2
closest,2
cloths,2
cloudy,2
clustered,2
cluttered,2
coals,2
coasts,2
cock,2
cocking,2
collection,2
colony,2
comers,2
comfortably,2
comforting,2
comfortless,2
comical,2
commands,2
commonly,2
commotion,2
compelling,2
compliment,2
composed,2
concealment,2
confessed,2
confounded,2
confusion,2
connexion,2
connexions,2
considerable,2
conspirators,2
constant,2
consulted,2
consulting,2
consumed,2
contain,2
containing,2
contented,2
conversation,2
cordial,2
corn,2
correct,2
correctly,2
cost,2
couch,2
coughed,2
counselled,2
counted,2
countries,2
courteously,2
coverlet,2
cracking,2
crackle,2
crackled,2
crawl,2
crebain,2
crosses,2
crownless,2
crows,2
crumb,2
crush,2
crushed,2
cunningly,2
cups,2
curdled,2
curl,2
curly,2
currents,2
curses,2
curves,2
customs,2
dagger,2
dais,2
damage,2
dances,2
darkening,2
darksome,2
dart,2
date,2
dates,2
daughters,2
daunted,2
deafening,2
debating,2
deceived,2
december,2
deemed,2
defend,2
defenders,2
defied,2
del,2
delays,2
delightful,2
dens,2
dense,2
depth,2
descend,2
descent,2
described,2
descried,2
description,2
desperately,2
despite,2
destruction,2
determined,2
device,2
devices,2
devilry,2
devoured,2
diminish,2
dining,2
dior,2
directed,2
directions,2
directly,2
disappointed,2
disguise,2
dishes,2
disliked,2
dismounted,2
disposed,2
disquiet,2
disquieting,2
distances,2
disturb,2
divide,2
dizzy,2
documents,2
doggedly,2
dong,2
dora,2
dotted,2
doughty,2
downstream,2
downward,2
drag,2
drawer,2
dreamed,2
drier,2
drifts,2
drives,2
drowning,2
drowsiness,2
drowsy,2
drying,2
duck,2
ducked,2
dug,2
dusty,2
dwarrowdelf,2
dwindle,2
earned,2
earthenware,2
eased,2
easiest,2
eddying,2
edged,2
edraith,2
ee,2
effects,2
efforts,2
egladil,2
eighteen,2
elders,2
eleventh,2
elfstone,2
elvenhome,2
embers,2
embroidered,2
enclosed,2
enclosing,2
encourage,2
encumbered,2
enduring,2
engulf,2
enjoying,2
enquiries,2
enslaved,2
ensnared,2
entertainment,2
errands,2
errantry,2
essential,2
estranged,2
estrangement,2
evenstar,2
exact,2
excellence,2
exceptional,2
exclamation,2
excuse,2
expanse,2
expects,2
extinguished,2
extra,2
extremely,2
eyot,2
f,2
fainter,2
fallohide,2
fame,2
famous,2
fancies,2
fang,2
fanuidhol,2
farmers,2
farms,2
fastness,2
fatter,2
fattest,2
favour,2
favoured,2
fearing,2
feasting,2
feathered,2
featureless,2
fells,2
fen,2
fence,2
ferocious,2
fidgeted,2
fifteen,2
fighting,2
findegil,2
finest,2
fireplace,2
firs,2
firstborn,2
fished,2
fishes,2
fishy,2
fissures,2
fist,2
fitfully,2
fitted,2
fl,2
flags,2
flank,2
flask,2
flattened,2
flatter,2
flesh,2
flickering,2
flooded,2
foamed,2
folded,2
folklands,2
foolishly,2
footfalls,2
foothold,2
footstep,2
forbid,2
foreboding,2
forehead,2
foreigners,2
forests,2
foretelling,2
foreword,2
forgetful,2
forgetfulness,2
forgets,2
forgiven,2
forlorn,2
fort,2
fortresses,2
fortunately,2
fortunes,2
fosse,2
foundations,2
fourteen,2
framed,2
frantically,2
fraught,2
frequent,2
fretting,2
frosty,2
frugal,2
fruit,2
fruitless,2
fruits,2
fumbled,2
furlongs,2
furtive,2
gaily,2
gain,2
gained,2
gale,2
galen,2
gamgees,2
gangways,2
gardener,2
gardening,2
garment,2
gathers,2
geese,2
gem,2
genealogical,2
generation,2
geography,2
gesture,2
gets,2
gh,2
gladness,2
glared,2
gleams,2
glistened,2
gnaw,2
gnawing,2
goblin,2
goodbodies,2
gorgoroth,2
governed,2
gown,2
grace,2
grandfather,2
granted,2
grasped,2
grasping,2
gratefully,2
graven,2
graver,2
graveyard,2
greenish,2
greensward,2
greenwood,2
grinding,2
grinning,2
groaned,2
grubbs,2
grumbling,2
guarding,2
guides,2
gullies,2
gunwale,2
h,2
hairs,2
halfelven,2
handful,2
handled,2
happening,2
happens,2
harad,2
hardened,2
harken,2
harmless,2
harpers,2
hatchet,2
haunted,2
haunts,2
hawks,2
hay,2
haysend,2
heaped,2
hearted,2
heaven,2
heedless,2
heel,2
helping,2
hemmed,2
herald,2
herblore,2
hides,2
highest,2
hillock,2
hilly,2
hindrance,2
hinges,2
hit,2
hithoel,2
hive,2
hoarded,2
hoards,2
hoary,2
holman,2
homely,2
homeward,2
honeycomb,2
hooded,2
hopes,2
horizon,2
hornblower,2
hounds,2
hovered,2
howl,2
hugo,2
hummed,2
hunter,2
hurts,2
hut,2
ideas,2
ignored,2
illuminated,2
images,2
imitation,2
imitations,2
immeasurably,2
immediate,2
inaudible,2
incantation,2
inclined,2
independent,2
indisposed,2
inquiries,2
inscription,2
inspiration,2
intelligence,2
intend,2
intent,2
intention,2
interesting,2
interests,2
interlacing,2
intervals,2
invention,2
irresistibly,2
isen,2
issuing,2
items,2
ithildin,2
iv,2
jackets,2
jaws,2
jerked,2
jest,2
jests,2
jogged,2
jokes,2
jools,2
jumping,2
jutting,2
k,2
keener,2
keenly,2
keys,2
kibil,2
kick,2
kinder,2
kingdoms,2
kinship,2
kinsman,2
kneeling,2
knocked,2
labelled,2
labouring,2
lace,2
lacks,2
lads,2
lag,2
lagged,2
lamplit,2
lanes,2
larn,2
lasted,2
laws,2
leathern,2
lee,2
legged,2
lembas,2
lent,2
lessen,2
lessened,2
lettered,2
levels,2
liable,2
libraries,2
licked,2
lifts,2
lighting,2
likenesses,2
lim,2
limb,2
limlight,2
linden,2
linen,2
linguistic,2
liquor,2
lively,2
loathsome,2
locks,2
lodge,2
loftier,2
longest,2
loo,2
loom,2
lop,2
lor,2
lordship,2
losing,2
loth,2
lotho,2
loveliness,2
lover,2
lowering,2
lulled,2
lune,2
lust,2
lyin,2
madly,2
magnified,2
majesty,2
mane,2
margins,2
marrow,2
masked,2
mastery,2
mat,2
mathoms,2
mats,2
mattresses,2
mayhap,2
mead,2
meads,2
meddle,2
meddling,2
melodies,2
melody,2
mend,2
meneldil,2
midgewater,2
milder,2
milo,2
minor,2
minstrels,2
misgivings,2
mistaking,2
mitheithel,2
mithrandir,2
mode,2
modified,2
moist,2
moonshine,2
moor,2
moot,2
mortally,2
mouthful,2
moves,2
multiplied,2
multiply,2
multiplying,2
munched,2
murdered,2
museum,2
mystery,2
na,2
nai,2
nail,2
nap,2
nargothrond,2
narvi,2
necromancer,2
needless,2
needlessly,2
neek,2
nef,2
neigh,2
neighbour,2
nen,2
nest,2
nestled,2
net,2
nimble,2
niphredil,2
noakes,2
nods,2
noisily,2
noisy,2
norbury,2
noro,2
northerly,2
northfarthing,2
nosing,2
noted,2
nots,2
nought,2
nowadays,2
nuncle,2
nut,2
oak,2
oakenshield,2
oaks,2
obey,2
obscure,2
obstinately,2
obvious,2
oddities,2
odo,2
offering,2
official,2
oi,2
oldbuck,2
oncoming,2
opener,2
opinions,2
opportunity,2
oppose,2
oppressed,2
ornament,2
orophin,2
ostler,2
outline,2
outward,2
overcast,2
overhanging,2
overjoyed,2
overlaid,2
overlapped,2
overtaken,2
overthrown,2
overwhelmed,2
overwhelming,2
owner,2
pained,2
painted,2
pairs,2
palm,2
panes,2
pans,2
panted,2
panting,2
parted,2
parth,2
passion,2
pattered,2
pavilions,2
pebbles,2
peep,2
pen,2
peoples,2
permanently,2
personally,2
persuade,2
persuaded,2
phalanx,2
picture,2
piles,2
pilgrim,2
pillared,2
pillows,2
pinch,2
pinned,2
piping,2
placed,2
planned,2
planning,2
plants,2
platform,2
playing,2
plays,2
plied,2
plundered,2
pocketses,2
poisoned,2
polish,2
poorer,2
poorest,2
pops,2
possessing,2
possession,2
pouch,2
practically,2
practice,2
prank,2
preceded,2
preserve,2
presses,2
pretending,2
pricked,2
princes,2
prints,2
prisoner,2
probable,2
produce,2
professional,2
profitable,2
prologue,2
prolonged,2
proofs,2
propped,2
provide,2
provided,2
ps,2
puff,2
pungent,2
punishment,2
pure,2
purposed,2
pursue,2
quailed,2
quarrel,2
quarters,2
queenly,2
queerness,2
questioning,2
quickened,2
raced,2
races,2
radiance,2
ragged,2
rags,2
raid,2
rail,2
rainbow,2
ranks,2
rapid,2
rash,2
raw,2
ray,2
rdan,2
reappear,2
recalling,2
receded,2
receive,2
recently,2
recognize,2
recognized,2
recollect,2
recorded,2
recovered,2
refer,2
references,2
referred,2
referring,2
reflected,2
reforged,2
refreshing,2
regard,2
regretted,2
reined,2
reins,2
relation,2
relish,2
remarkably,2
remembers,2
reminder,2
removal,2
repair,2
repeating,2
resemble,2
residence,2
resistance,2
resolve,2
resolved,2
respect,2
respectable,2
respite,2
responsible,2
restrained,2
retired,2
retorted,2
returns,2
revive,2
rewards,2
rhosgobel,2
richer,2
richly,2
riel,2
rin,2
rind,2
rinen,2
roadside,2
roam,2
roamed,2
roast,2
roasting,2
robbed,2
roofed,2
rousing,2
routed,2
ruled,2
ruler,2
rulers,2
rusty,2
rutted,2
sailed,2
salt,2
samwise,2
sancho,2
sand,2
satisfaction,2
satisfied,2
saturday,2
savour,2
sawn,2
scales,2
scarf,2
scarlet,2
scimitars,2
scooped,2
score,2
scornful,2
scouts,2
scrambling,2
scraping,2
scratch,2
scratches,2
screw,2
season,2
seasons,2
seats,2
secrecy,2
seeks,2
sees,2
seething,2
seize,2
seizing,2
sensible,2
sentinels,2
separated,2
sets,2
settlement,2
settling,2
seventeen,2
sh,2
shadowfax,2
shady,2
shaggy,2
shalt,2
sharper,2
shattered,2
sheaths,2
shelves,2
shelving,2
shielding,2
shields,2
shifting,2
shin,2
shinbone,2
shines,2
shoals,2
shoreless,2
shorn,2
shouldered,2
showers,2
shreds,2
shrewd,2
shriek,2
shrivel,2
shrubs,2
shrugged,2
shunned,2
shy,2
si,2
sickle,2
sidelong,2
signal,2
significance,2
significant,2
silken,2
sill,2
silmarils,2
singer,2
sinister,2
sinks,2
skies,2
skinned,2
slabs,2
slam,2
slanted,2
sleeves,2
slightly,2
slippery,2
sloe,2
slung,2
smith,2
smokes,2
smouldering,2
snails,2
snap,2
snarled,2
snarling,2
snatches,2
sniffed,2
snoring,2
snowed,2
snows,2
snowy,2
snuffling,2
sombre,2
sorrows,2
spared,2
sparks,2
spat,2
speaks,2
speechless,2
speedily,2
speeding,2
splendidly,2
splinter,2
split,2
spluttered,2
spoil,2
spoilt,2
spooks,2
spotted,2
spray,2
sprung,2
spurred,2
squeaked,2
squeezed,2
stabbed,2
stable,2
stabled,2
stale,2
stamped,2
starling,2
starving,2
stature,2
stealthy,2
steed,2
steering,2
stepping,2
sterner,2
sticking,2
stool,2
stopping,2
stored,2
stoutly,2
strain,2
strand,2
straps,2
straw,2
streets,2
strengthen,2
stretch,2
stricken,2
stride,2
striding,2
strings,2
stroll,2
stuffed,2
success,2
successful,2
suit,2
suited,2
summons,2
sunday,2
sunken,2
sup,2
supple,2
supporting,2
surpassed,2
surrounded,2
swallowed,2
swarthy,2
swathed,2
swaying,2
swear,2
tackle,2
taste,2
tasted,2
tastes,2
teach,2
tempt,2
tenth,2
terrific,2
th,2
thinning,2
thou,2
thoughtful,2
throbbing,2
throughout,2
thrusting,2
thud,2
tides,2
tied,2
tilled,2
timber,2
timeless,2
tiny,2
tipsy,2
tireless,2
tirion,2
toad,2
toby,2
tones,2
tongs,2
tookland,2
topical,2
topped,2
torrent,2
torture,2
total,2
touches,2
tougher,2
tracery,2
tracked,2
tracks,2
tradition,2
traditions,2
train,2
tramped,2
travels,2
treacherously,2
treachery,2
treason,2
treat,2
tremendous,2
trickle,2
trickled,2
trickling,2
trouser,2
trove,2
trumpet,2
tuckborough,2
tumbling,2
tunnelled,2
twang,2
tweens,2
twelfth,2
twinkle,2
typed,2
umbrella,2
unaccountably,2
unbearable,2
unbidden,2
uncertain,2
uncomfortably,2
undamaged,2
underhills,2
understanding,2
undertowers,2
undoing,2
undying,2
uneasiness,2
unguessed,2
unhappily,2
unhappy,2
unharmed,2
unheard,2
unhorsed,2
unimportant,2
uninvited,2
unlabelled,2
unlooked,2
unmade,2
unmoved,2
unnecessarily,2
unpopular,2
unravelling,2
unsafe,2
unstained,2
untimely,2
unto,2
unusual,2
unwholesome,2
upheld,2
uphill,2
uplifted,2
upright,2
uproar,2
uprooted,2
upset,2
upstream,2
upward,2
utter,2
utterly,2
v,2
vaguely,2
vainly,2
valuable,2
vanwa,2
veered,2
venerable,2
verse,2
vessels,2
victories,2
vigilance,2
visiting,2
visitor,2
visitors,2
vittles,2
voicing,2
wailed,2
waist,2
wan,2
wanders,2
wanes,2
warned,2
warns,2
warrant,2
warriors,2
washing,2
watcher,2
waterfalls,2
wavered,2
waxed,2
waxing,2
weakness,2
wearisome,2
weathered,2
web,2
weeds,2
weedy,2
weigh,2
welling,2
wheel,2
whenever,2
whiles,2
whistle,2
wielded,2
wielding,2
win,2
windless,2
windy,2
wink,2
winters,2
winyards,2
wiping,2
wisely,2
wisest,2
wishing,2
wisp,2
withdraw,2
woken,2
wool,2
working,2
workshops,2
wounded,2
wrappings,2
wriggling,2
writhed,2
wrung,2
y,2
yawning,2
yearns,2
yielded,2
yore,2
youngest,2
yrch,2
zig,2
zirak,2
abandons,1
abashed,1
abbreviated,1
aboard,1
absorbed,1
abstracts,1
absurdly,1
abundant,1
abundantly,1
accepting,1
accomplished,1
accorded,1
accounting,1
accurate,1
accusing,1
ache,1
achieved,1
acknowledge,1
acknowledged,1
acorn,1
acquire,1
acquired,1
acrobatics,1
acting,1
adar,1
add,1
additional,1
adjoining,1
adjusted,1
admirers,1
admittance,1
adopt,1
adoption,1
aear,1
aearon,1
affection,1
affray,1
afire,1
aflame,1
afloat,1
afore,1
aforetime,1
africa,1
afternoons,1
aged,1
ageing,1
ageless,1
agh,1
agin,1
aglar,1
agricultural,1
aiding,1
aiglos,1
aii,1
ail,1
aimed,1
airet,1
akin,1
aldaron,1
alight,1
allay,1
alliances,1
allied,1
allude,1
aloof,1
altering,1
alternative,1
amazing,1
ambiguous,1
amends,1
amuse,1
amusement,1
ancalagon,1
andy,1
angelica,1
angers,1
angrier,1
annals,1
annexed,1
annihilated,1
anniversary,1
annon,1
annotation,1
answerable,1
anthills,1
antiquity,1
ants,1
anvils,1
anyhow,1
apologetically,1
apparent,1
appealing,1
appealingly,1
appears,1
appended,1
appendices,1
appetite,1
applauding,1
applause,1
appledore,1
apply,1
appoint,1
approval,1
approving,1
archers,1
architecture,1
arise,1
arising,1
armoured,1
armouries,1
army,1
arrayed,1
arvernien,1
ascend,1
asfaloth,1
ashen,1
asks,1
ass,1
assailing,1
assembling,1
assembly,1
assistant,1
assisting,1
assortment,1
assuaged,1
assure,1
assured,1
astir,1
astounding,1
attached,1
attacking,1
attempted,1
attempts,1
attend,1
attentively,1
attracted,1
attractions,1
attractive,1
attributed,1
authorities,1
autumns,1
av,1
available,1
avenge,1
avenged,1
avenue,1
avenues,1
aver,1
averted,1
awaiting,1
awakening,1
awkwardly,1
axin,1
aye,1
azanulbizar,1
babbled,1
babbling,1
babel,1
bachelors,1
backarappers,1
backward,1
bacon,1
badger,1
badgering,1
badly,1
bain,1
baked,1
bakers,1
balanced,1
baldric,1
balls,1
bamfurlong,1
bandage,1
banes,1
banging,1
banished,1
banked,1
banquet,1
banquets,1
baraz,1
barazinbar,1
bardings,1
barges,1
barked,1
barkers,1
barns,1
barring,1
bases,1
basins,1
basis,1
basking,1
bathing,1
bathroom,1
baths,1
battering,1
battlements,1
baying,1
bc,1
bead,1
beak,1
beaming,1
beardless,1
beards,1
beastly,1
beater,1
bedewed,1
bedridden,1
bedside,1
beech,1
beechen,1
bees,1
befall,1
befell,1
befriend,1
beggar,1
beggars,1
behaved,1
belated,1
beleriand,1
belief,1
bellies,1
bellow,1
bellowed,1
belly,1
belonging,1
belongings,1
belted,1
ben,1
bench,1
benches,1
bends,1
benefit,1
benevolent,1
ber,1
bereaved,1
bestow,1
bet,1
beth,1
betray,1
betrayal,1
betrayals,1
betters,1
bewilder,1
bewilderment,1
bide,1
biers,1
bifur,1
bilberry,1
blackberry,1
blacker,1
bladed,1
blameless,1
blanco,1
blasted,1
blasts,1
bleary,1
bleating,1
blended,1
blessings,1
blest,1
blinded,1
blindness,1
blizzard,1
blocking,1
blotting,1
blows,1
blundering,1
blunted,1
blush,1
boar,1
board,1
boards,1
bobbed,1
bobbing,1
bode,1
bofur,1
bogey,1
boiled,1
boldly,1
boles,1
bollards,1
bolster,1
bom,1
bond,1
boner,1
boon,1
bored,1
borgil,1
boring,1
borrower,1
botanical,1
bothering,1
bought,1
bounded,1
bounding,1
bowl,1
bowman,1
bowshot,1
bowstring,1
bowstrings,1
braids,1
brands,1
breadth,1
breaks,1
breaths,1
breeds,1
breelanders,1
briar,1
briars,1
bride,1
bridgefields,1
bridle,1
briefer,1
brightened,1
brightest,1
briskly,1
bristles,1
broadened,1
bronze,1
browner,1
bruise,1
brush,1
brushing,1
bubble,1
buch,1
bucklander,1
buckler,1
bucks,1
budding,1
budgeford,1
builded,1
buildings,1
bulged,1
bulk,1
bulky,1
bulwark,1
bumpkin,1
bundled,1
bundushath,1
burnished,1
burrow,1
burrowed,1
burrowing,1
burzum,1
busily,1
busybody,1
buttons,1
buyer,1
cabbages,1
caita,1
cake,1
caked,1
calacirian,1
calacirya,1
calaciryo,1
calendar,1
calendars,1
callers,1
calmed,1
calmly,1
candlelight,1
canopied,1
canopy,1
cans,1
capered,1
capering,1
caperings,1
capital,1
capped,1
caps,1
captains,1
captive,1
carcanet,1
card,1
carelessly,1
cares,1
careworn,1
cargo,1
caring,1
carpenter,1
carriages,1
carrier,1
carrock,1
cars,1
cartwrights,1
cases,1
casting,1
casts,1
casual,1
cataracts,1
catering,1
cats,1
caused,1
causing,1
cavalry,1
cavern,1
caverns,1
caveyard,1
ceaselessly,1
celebrating,1
celebration,1
cellar,1
central,1
chaered,1
chalcedony,1
chalk,1
chalky,1
challenged,1
challenging,1
champ,1
chanced,1
chances,1
changeful,1
charged,1
charging,1
chariots,1
charred,1
chasms,1
chattels,1
chatting,1
cheats,1
checking,1
cheeked,1
cheeks,1
cheered,1
cheery,1
chewing,1
chiefs,1
chinks,1
chins,1
chip,1
chisel,1
chokes,1
choking,1
chooses,1
chopped,1
chopping,1
christopher,1
chubb,1
churning,1
circles,1
circlets,1
circular,1
circulated,1
circumstances,1
cirdan,1
cirith,1
cities,1
clack,1
claimed,1
clammy,1
clannish,1
clans,1
claps,1
clasp,1
clattering,1
cleaning,1
cleave,1
clenched,1
click,1
clicked,1
clime,1
clink,1
clippely,1
clippings,1
closes,1
clothing,1
cloudless,1
cloudyhead,1
clove,1
clump,1
clumps,1
clumsier,1
clumsily,1
cluster,1
clustering,1
clutch,1
coach,1
coarse,1
cobwebs,1
cockle,1
cocks,1
coil,1
coiled,1
coiling,1
coils,1
coining,1
coldly,1
collapse,1
collar,1
collect,1
collections,1
collector,1
college,1
colonists,1
colonized,1
coloured,1
column,1
columns,1
comb,1
combat,1
combined,1
combs,1
comely,1
comforts,1
comic,1
commend,1
comment,1
commentaries,1
comments,1
committed,1
commodity,1
commons,1
communicative,1
communities,1
companies,1
companionship,1
comparative,1
compensated,1
compensation,1
competing,1
complain,1
complaints,1
completed,1
complex,1
complicated,1
compliments,1
composition,1
comprehended,1
conceal,1
concealing,1
conceived,1
conclusion,1
condemned,1
condor,1
conduct,1
cones,1
confess,1
confidently,1
confines,1
conflict,1
conflicting,1
confuse,1
congratulate,1
conical,1
conjectural,1
conjuring,1
conjuror,1
conquest,1
conscience,1
consent,1
console,1
conspirator,1
constructed,1
consume,1
contains,1
contemporary,1
contempt,1
contemptible,1
contest,1
continues,1
continuing,1
continuously,1
contradictions,1
contrary,1
contributor,1
contrivance,1
contrive,1
contriving,1
converged,1
convex,1
convey,1
conveyed,1
conveying,1
convince,1
convinced,1
cook,1
cooking,1
cooks,1
cooled,1
cooler,1
coppices,1
cordially,1
cornlands,1
correction,1
corrections,1
correspondence,1
corrupted,1
corrupts,1
costs,1
cosy,1
cottage,1
couches,1
counsellor,1
counsellors,1
counter,1
countrified,1
countrymen,1
countryside,1
counts,1
courteous,1
courtesy,1
courts,1
courtyard,1
cousins,1
covering,1
covets,1
cowered,1
cradles,1
crafts,1
crafty,1
cramped,1
crannied,1
crannies,1
crashed,1
crave,1
crazy,1
creased,1
credible,1
creek,1
creepers,1
crests,1
crevices,1
cricket,1
cringed,1
crippled,1
crisp,1
critic,1
critical,1
croak,1
croaking,1
crockery,1
crocks,1
crookedly,1
crouch,1
crowed,1
crowing,1
crucial,1
crumbs,1
crumpled,1
crushing,1
culmination,1
cupboard,1
cupped,1
curls,1
customers,1
daddy,1
daeron,1
dagorlad,1
daily,1
dainties,1
dales,1
damaged,1
damasked,1
dammed,1
damper,1
dan,1
dares,1
daring,1
darkens,1
darkest,1
darling,1
darn,1
daro,1
dashing,1
daunt,1
dauntless,1
dazzlingly,1
deadlier,1
deadmen,1
deafest,1
deals,1
dealt,1
dearth,1
deathly,1
debatable,1
deceit,1
deceitful,1
deceits,1
deceive,1
deceptive,1
decides,1
decipher,1
deck,1
declaim,1
declaring,1
decrease,1
decrepitude,1
deedle,1
deepens,1
deer,1
defeats,1
defects,1
defences,1
defending,1
defiantly,1
define,1
deformity,1
deft,1
defy,1
defying,1
degree,1
dejected,1
dejectedly,1
delaying,1
delete,1
delta,1
delver,1
denial,1
denying,1
dependants,1
depleted,1
deploring,1
deprived,1
descendant,1
descending,1
describe,1
desert,1
designed,1
desirable,1
desolation,1
desperation,1
despise,1
destroyers,1
destroys,1
detached,1
detailed,1
details,1
detect,1
detested,1
developing,1
development,1
devise,1
devoted,1
devour,1
devouring,1
dewy,1
dialect,1
diamond,1
diamonds,1
dies,1
differ,1
difference,1
difficulties,1
diffused,1
digging,1
diggings,1
din,1
dine,1
dint,1
dipped,1
dipping,1
dire,1
dirty,1
disadvantage,1
disappears,1
disappointment,1
disapproval,1
disbelieved,1
discomfiture,1
disconcerting,1
discoveries,1
discovering,1
discussion,1
disguised,1
disgust,1
dishevelled,1
dislikes,1
disliking,1
dismount,1
disordered,1
dispel,1
dispirited,1
displays,1
displease,1
displeased,1
disprove,1
disquieted,1
disquietingly,1
disregard,1
dissuaded,1
distinguish,1
distributed,1
distribution,1
districts,1
distrust,1
distrusted,1
distrustful,1
disturbance,1
disturber,1
disused,1
ditch,1
dithering,1
dive,1
divides,1
dividing,1
diving,1
divining,1
dodged,1
dogged,1
dolven,1
domes,1
dominated,1
doner,1
doorwards,1
dori,1
doriath,1
dots,1
doubled,1
doublings,1
downcast,1
downfall,1
downhearted,1
downlands,1
drafts,1
draggled,1
dragonets,1
drainage,1
dratted,1
draughts,1
draweth,1
dreadfully,1
dreading,1
dreamless,1
dreamlike,1
drear,1
drenched,1
drenching,1
drifted,1
driftwood,1
drinks,1
drizzle,1
drooping,1
dropping,1
drowse,1
du,1
dubiously,1
dully,1
dum,1
dumb,1
dumbly,1
dumpling,1
durbatul,1
durstn,1
dusky,1
duties,1
dwalin,1
dwellers,1
dwelleth,1
dyed,1
eagerness,1
eared,1
earliest,1
earnest,1
earnestly,1
earnestness,1
earthquake,1
easterlings,1
ebb,1
ebony,1
economic,1
edhellen,1
edoras,1
eerie,1
efficient,1
eighty,1
elaborate,1
eldar,1
elderly,1
elected,1
elements,1
elen,1
elenath,1
eleni,1
elent,1
eleven,1
elevenses,1
eluded,1
elusive,1
elusiveness,1
elvendom,1
ely,1
embarked,1
embattled,1
emblem,1
emblems,1
embraced,1
emerald,1
emergency,1
eminent,1
emissaries,1
employed,1
emptied,1
enchanting,1
encircled,1
enclose,1
encompassed,1
endanger,1
endings,1
energetic,1
england,1
engrossing,1
enjoy,1
enlighten,1
enmity,1
ennorath,1
enquantuva,1
ensuing,1
entangled,1
entertainments,1
enthroned,1
enthusiastic,1
entrances,1
envied,1
envying,1
equally,1
equivalent,1
erebor,1
erect,1
erected,1
ered,1
eress,1
errandless,1
errors,1
escort,1
escorted,1
esgalduin,1
esmeralda,1
esquire,1
essays,1
essentially,1
estates,1
esteem,1
estre,1
et,1
ethir,1
etten,1
ettendales,1
evasively,1
evendim,1
everard,1
evereven,1
evermore,1
evernight,1
everwhite,1
evicted,1
evils,1
ewer,1
ewers,1
examination,1
examine,1
example,1
excavated,1
excavation,1
excellently,1
exceptionally,1
exceptions,1
exchanged,1
excite,1
exclamations,1
exerting,1
exhausted,1
exhibited,1
exiled,1
exiles,1
expanded,1
expedition,1
expeditions,1
expelled,1
expended,1
expensive,1
explaining,1
explains,1
explorers,1
explosion,1
express,1
extensive,1
eyelids,1
eyesight,1
eyots,1
fabled,1
fabulously,1
fades,1
fadeth,1
faggots,1
fainthearted,1
fairbairns,1
fal,1
fallohidish,1
falmalinnar,1
famine,1
famished,1
fan,1
fanned,1
fanuilos,1
fanyar,1
faramir,1
fared,1
farewells,1
farmed,1
farmhouse,1
farmhouses,1
farthing,1
fasten,1
fatherless,1
fathoms,1
fearfully,1
feasts,1
feat,1
feelings,1
felling,1
female,1
fenced,1
fend,1
fennas,1
fenny,1
fern,1
fetched,1
fiddlesticks,1
fidgeting,1
fierceness,1
figured,1
filtered,1
finder,1
finders,1
finer,1
finrod,1
firebrand,1
firelit,1
firework,1
fits,1
fixedly,1
flabbergasted,1
flabby,1
flag,1
flagged,1
flagstone,1
flamed,1
flammifer,1
flanks,1
flapping,1
flashes,1
flattered,1
flawless,1
flax,1
flecked,1
fleeing,1
fleet,1
fleeting,1
fleets,1
flets,1
flews,1
flick,1
flint,1
float,1
flock,1
floors,1
flounder,1
floured,1
flourishes,1
flown,1
fluffy,1
flurry,1
flushed,1
flutes,1
foaled,1
fogs,1
foolishness,1
footing,1
footpad,1
footpath,1
footsore,1
footstool,1
forbidden,1
forbiddingly,1
forbodes,1
forces,1
forcing,1
fording,1
forebode,1
forebodes,1
forefinger,1
foreheads,1
foremother,1
foresaw,1
foreshadow,1
foresight,1
forestall,1
forester,1
foretold,1
forgave,1
forges,1
forging,1
forked,1
formerly,1
forn,1
forsake,1
forsook,1
forthcoming,1
forties,1
forts,1
foundation,1
foundered,1
fowl,1
fowls,1
fr,1
fragment,1
frail,1
frantic,1
freshet,1
fright,1
frighten,1
frightening,1
frightful,1
frightfully,1
fringes,1
frisky,1
frontier,1
frothing,1
froze,1
fugitives,1
fulfilling,1
fulness,1
fume,1
fumes,1
furnaces,1
furnish,1
furnished,1
furry,1
fury,1
gagged,1
galadhremmin,1
galenas,1
galleries,1
gallop,1
games,1
gangway,1
gape,1
gaped,1
gar,1
garb,1
gardeners,1
gasping,1
gatekeepers,1
gateway,1
gay,1
genealogies,1
gentlehobbit,1
gentler,1
genuine,1
germ,1
ghost,1
ghostly,1
ghosts,1
giant,1
gimbatul,1
gingerly,1
gird,1
girt,1
giver,1
gives,1
glades,1
glances,1
glazed,1
glede,1
glistens,1
gloated,1
gloomed,1
gloomily,1
glorious,1
glossy,1
gloves,1
glowering,1
gnashing,1
goal,1
goatleaf,1
goings,1
goodbody,1
goodbye,1
gore,1
gorgor,1
gorhendad,1
gotten,1
govannen,1
govern,1
governing,1
government,1
graceful,1
grain,1
grand,1
grant,1
grate,1
gratified,1
gravel,1
graves,1
grazing,1
greasy,1
greediest,1
greedily,1
greener,1
greenfields,1
grievances,1
grieve,1
grieved,1
grieves,1
grieving,1
grimbeorn,1
grimy,1
grind,1
grinned,1
grins,1
groan,1
groaning,1
gropes,1
groundless,1
growling,1
growths,1
grubb,1
grudgingly,1
gruffly,1
guardian,1
guardians,1
guardroom,1
guilty,1
guise,1
gully,1
gum,1
gums,1
gurgle,1
gurgled,1
gusts,1
gut,1
habergeon,1
habitable,1
habits,1
hacked,1
hacking,1
hador,1
haft,1
haggard,1
hailed,1
hale,1
halfast,1
halfway,1
halloo,1
halter,1
haltingly,1
ham,1
hamfast,1
hammered,1
hammering,1
hammers,1
handcarts,1
handicrafts,1
handing,1
handiwork,1
handkerchief,1
handkerchiefs,1
hang,1
happenings,1
haradrim,1
harboured,1
harbourless,1
harbours,1
harden,1
hardest,1
hardness,1
hare,1
harfoot,1
hark,1
harmed,1
harmlessly,1
harness,1
harped,1
harps,1
harrowdale,1
harts,1
hastening,1
hateful,1
hates,1
hating,1
haul,1
haunt,1
haunting,1
haw,1
haywards,1
hazel,1
hazels,1
headed,1
heading,1
headless,1
headstall,1
headway,1
heap,1
hears,1
heartening,1
hearths,1
heartily,1
heartless,1
heated,1
heath,1
heathertoes,1
heating,1
heats,1
heave,1
heaviest,1
heaving,1
hedgerows,1
hee,1
heeding,1
heels,1
heirlooms,1
hello,1
helmet,1
helper,1
helpers,1
helplessly,1
helps,1
hemlocks,1
henceforward,1
herds,1
hereafter,1
heredity,1
hero,1
hers,1
hesitatingly,1
hesitation,1
hideously,1
highroad,1
hilltops,1
hind,1
hindering,1
hinge,1
hinted,1
hire,1
hiruva,1
hiruvaly,1
historical,1
hithlain,1
hits,1
hobbitlike,1
hobbitry,1
hobbled,1
hocks,1
hoisted,1
holidays,1
holy,1
homeless,1
homelessness,1
honestly,1
honouring,1
hoof,1
hook,1
hooray,1
hoots,1
hopelessly,1
hopped,1
horned,1
horribly,1
horrified,1
horseback,1
hose,1
hospitable,1
hospitality,1
hostile,1
hottest,1
hound,1
housed,1
houseless,1
housing,1
hovering,1
huddle,1
hued,1
huff,1
hugged,1
hugging,1
hulk,1
hump,1
humps,1
hunched,1
hungered,1
huntsman,1
hurtful,1
husbanding,1
hushed,1
hustled,1
ignorant,1
ignoring,1
ii,1
iii,1
ily,1
image,1
imaginable,1
imagination,1
imagining,1
imaginings,1
imb,1
imbibed,1
imitated,1
immeasurable,1
immemorial,1
immense,1
immensely,1
imminent,1
impassable,1
impatient,1
imperishable,1
import,1
impress,1
impression,1
imprint,1
imprisoned,1
imprisonment,1
impromptu,1
improve,1
improvement,1
impulse,1
inaccessible,1
inadequate,1
inadvertently,1
inattentive,1
incline,1
include,1
including,1
inclusion,1
incomers,1
incomplete,1
inconsistencies,1
inconveniently,1
increase,1
increasing,1
indefinitely,1
inevitably,1
inexhaustible,1
inflow,1
influence,1
influences,1
inhaled,1
inherited,1
inimitable,1
injured,1
inland,1
inns,1
inquire,1
inquirer,1
inquiring,1
inquisitiveness,1
inscribed,1
insects,1
insecurity,1
insist,1
insisting,1
insolence,1
inspired,1
instantly,1
instruct,1
instructed,1
instructing,1
insult,1
insulted,1
intaken,1
intense,1
intensely,1
interfering,1
interpret,1
interpreted,1
interrupt,1
interwoven,1
intricate,1
intriguing,1
introduction,1
invaders,1
invented,1
inventing,1
inventory,1
investigating,1
investigator,1
iris,1
irresolute,1
irresponsible,1
ishi,1
islands,1
ithilien,1
january,1
jars,1
jaw,1
jerk,1
jester,1
jet,1
jewelled,1
jewellery,1
jig,1
jingled,1
jingling,1
joint,1
joking,1
jolts,1
joyfully,1
joyously,1
judged,1
judges,1
jug,1
juggler,1
july,1
juniors,1
justice,1
jutted,1
keel,1
keenness,1
keepers,1
ken,1
kerb,1
kettle,1
kettles,1
killing,1
kindle,1
kindler,1
kindliness,1
kindlings,1
kindnesses,1
kindreds,1
kinsfolk,1
knelt,1
knobbly,1
knocks,1
knot,1
knotted,1
knowingly,1
knowledgeable,1
krimpatul,1
label,1
laborious,1
laboriously,1
laboured,1
laced,1
lade,1
lading,1
lair,1
lakes,1
lakeside,1
lal,1
lame,1
lamely,1
lament,1
lamentation,1
lammen,1
lamplight,1
lamplike,1
lance,1
lances,1
landed,1
lander,1
landings,1
landmark,1
langstrand,1
lank,1
lantar,1
lapping,1
lark,1
larks,1
lashed,1
lashing,1
lassi,1
lasto,1
laughs,1
lauri,1
lavishly,1
lawks,1
lawns,1
lazily,1
le,1
leaden,1
leaders,1
leafy,1
learner,1
learns,1
leathery,1
lebennin,1
leered,1
leg,1
legal,1
lend,1
lengthening,1
lesson,1
lessons,1
levies,1
li,1
liar,1
licking,1
lids,1
lifeless,1
lighten,1
likeliest,1
liken,1
likings,1
lilting,1
lily,1
lime,1
limes,1
limestone,1
limit,1
limited,1
limp,1
lingering,1
links,1
linnathon,1
lint,1
lisse,1
list,1
listener,1
listeners,1
listens,1
listlessly,1
lithe,1
littered,1
lndeed,1
loaf,1
loathing,1
loaves,1
locally,1
locking,1
lodes,1
lodges,1
lodging,1
lodgings,1
loft,1
logs,1
lonesome,1
longholes,1
longs,1
longshanks,1
longwise,1
loon,1
loops,1
loosed,1
loosened,1
loosening,1
loseth,1
lovers,1
luckily,1
lugged,1
luini,1
lumber,1
lumbul,1
lump,1
lung,1
lurch,1
lurched,1
lurked,1
lush,1
lustily,1
lusty,1
luxurious,1
luxury,1
machines,1
mae,1
maggots,1
magician,1
magnificence,1
magnificent,1
maid,1
maids,1
maimed,1
maintain,1
major,1
makin,1
malicious,1
manes,1
manifestations,1
mansion,1
mansions,1
mantles,1
manuscript,1
manuscripts,1
map,1
mar,1
marauding,1
marcho,1
mare,1
margin,1
mariner,1
markings,1
marriage,1
married,1
marshals,1
marshland,1
marvelled,1
marvellously,1
marvels,1
maryo,1
mason,1
mass,1
mast,1
masted,1
mate,1
materials,1
matriarch,1
matted,1
mattered,1
mature,1
mayoralty,1
mazes,1
meadow,1
measurement,1
meats,1
meddled,1
meetings,1
meets,1
melancholy,1
melilot,1
mello,1
mellon,1
mellyrn,1
melting,1
mementoes,1
memoirs,1
memorable,1
mending,1
menel,1
menelvagor,1
menn,1
menorean,1
menoreans,1
merciless,1
mercy,1
merit,1
merited,1
merriment,1
mess,1
metalwork,1
mew,1
mi,1
midge,1
midmost,1
midyear,1
miel,1
mightiest,1
millers,1
mincemeat,1
minded,1
minding,1
mined,1
mining,1
mirrors,1
miruv,1
miscarry,1
misfortune,1
misgave,1
misgiving,1
mishandled,1
mishap,1
misleading,1
misseth,1
mission,1
mistress,1
mistrust,1
misunderstand,1
misunderstanding,1
misunderstood,1
mixing,1
mixture,1
moan,1
moaning,1
moats,1
mocking,1
model,1
moderate,1
moisture,1
molten,1
moments,1
monument,1
moodily,1
moonbeams,1
moonless,1
moonlit,1
moonrise,1
moons,1
mop,1
morgoth,1
morni,1
morrowless,1
mortality,1
moss,1
moth,1
motion,1
motive,1
motives,1
motor,1
mould,1
mounded,1
mourn,1
mournfully,1
mourning,1
mouthed,1
mowing,1
mown,1
mugworts,1
multitudinous,1
mumbled,1
murky,1
mused,1
mustered,1
mustn,1
myriads,1
mysteriously,1
mythology,1
nails,1
nakedness,1
nanduhirion,1
narrower,1
nasturtiums,1
native,1
natives,1
naturally,1
natured,1
neat,1
neatly,1
necessarily,1
necessity,1
necked,1
needful,1
needn,1
neekerbreekers,1
neglect,1
neighbours,1
neighing,1
neldoreth,1
nenya,1
nestling,1
nests,1
nether,1
nets,1
nettles,1
nevertheless,1
newcomers,1
newer,1
ngaurhoth,1
nibbled,1
nibbling,1
nicety,1
nick,1
nicotiana,1
nier,1
nightingale,1
nightmare,1
nightshade,1
nimbly,1
nimbrethil,1
nimrais,1
nin,1
nindalf,1
nogothrim,1
noiseless,1
noman,1
nominal,1
nonsensically,1
nooks,1
nori,1
norland,1
normal,1
northerland,1
northernmost,1
northmost,1
nostrils,1
notable,1
notably,1
nothingness,1
noticeable,1
noticing,1
november,1
novembre,1
nu,1
nuisances,1
numbered,1
numberless,1
nurses,1
nuzzled,1
oar,1
oat,1
obedient,1
obeyed,1
objects,1
obligation,1
oblivious,1
oblong,1
observations,1
observing,1
oddity,1
oddments,1
oden,1
offence,1
offended,1
offensive,1
offers,1
offices,1
officially,1
ohtar,1
oial,1
ointment,1
oioloss,1
oldbucks,1
olden,1
omen,1
omentielvo,1
omit,1
omitted,1
onlookers,1
onset,1
onward,1
opal,1
openers,1
opposed,1
oppression,1
oral,1
orald,1
orb,1
orchard,1
orchestra,1
orcrist,1
ordained,1
ores,1
origins,1
ornaments,1
oromardi,1
orphan,1
ortan,1
otherworld,1
otter,1
oughtn,1
outbreak,1
outburst,1
outcrop,1
outflung,1
outlier,1
outliers,1
outlined,1
outnumbered,1
outraged,1
outriders,1
outskirts,1
outspread,1
outwardly,1
overcoming,1
overgrown,1
overhill,1
overmuch,1
overpowering,1
overtake,1
overtaking,1
overthrew,1
overthrow,1
overtook,1
overwritten,1
ow,1
owe,1
owed,1
owners,1
ownership,1
pa,1
package,1
padded,1
padding,1
paddling,1
pads,1
pah,1
painfully,1
palaces,1
palan,1
palest,1
pallid,1
panic,1
panoply,1
pantry,1
parcel,1
parcels,1
parental,1
paring,1
parole,1
parsley,1
partial,1
partings,1
password,1
pastures,1
patched,1
pate,1
patience,1
patiently,1
pattern,1
pausing,1
paveyard,1
paving,1
payment,1
pays,1
peas,1
peculiarity,1
pedestals,1
peel,1
pella,1
pelting,1
pence,1
penetrated,1
penna,1
penny,1
pent,1
penthouse,1
perceives,1
perceptible,1
perched,1
perfectly,1
performance,1
perfunctory,1
periannath,1
perilously,1
period,1
perishable,1
perky,1
permit,1
perpetual,1
perplexities,1
persisted,1
personal,1
perturbed,1
pestered,1
pestilence,1
phantoms,1
pickle,1
pictured,1
pictures,1
pier,1
piercingly,1
pikestaff,1
pillow,1
pillowed,1
pincers,1
ping,1
pinnacles,1
pins,1
pint,1
pitch,1
pitfalls,1
plaited,1
plank,1
plashing,1
pleasantly,1
pledge,1
plod,1
plodding,1
plop,1
plots,1
plough,1
ploughman,1
plume,1
plumed,1
plundering,1
plunges,1
plunk,1
pocked,1
pockets,1
poignant,1
poised,1
poison,1
pole,1
police,1
policemen,1
policies,1
political,1
pond,1
pondering,1
ponderous,1
pong,1
poplars,1
popped,1
popping,1
popular,1
popularly,1
populous,1
pored,1
portended,1
portents,1
posed,1
position,1
positively,1
possessor,1
postman,1
postmaster,1
postmen,1
postpone,1
postscript,1
pot,1
potent,1
pots,1
pottering,1
pours,1
ppps,1
pps,1
practised,1
praised,1
pranced,1
pranks,1
pre,1
precipice,1
preference,1
premises,1
prentice,1
preparation,1
preparing,1
presented,1
preservation,1
preside,1
presto,1
pretence,1
previously,1
prey,1
prices,1
pricking,1
pried,1
primarily,1
prime,1
primitive,1
primula,1
princeling,1
print,1
prisoners,1
privately,1
proceeded,1
proceeds,1
produced,1
produces,1
producing,1
production,1
professionally,1
profit,1
profits,1
progress,1
promises,1
promising,1
prompted,1
promptly,1
pronouncement,1
properly,1
proposal,1
propose,1
proposed,1
prospects,1
prospered,1
prosperity,1
prosperous,1
prostrate,1
protect,1
protected,1
protested,1
proudfeet,1
provender,1
providing,1
province,1
provision,1
prowl,1
prowling,1
prowls,1
publication,1
published,1
puckered,1
puddifoots,1
puddle,1
puffing,1
puffs,1
pull,1
punish,1
pupil,1
purchase,1
purring,1
pursues,1
puts,1
puzzle,1
qs,1
quagmires,1
qualities,1
quarrelling,1
quarrels,1
quarried,1
quartered,1
queens,1
queerest,1
questioningly,1
quests,1
quieter,1
quotations,1
quoted,1
racing,1
raf,1
raged,1
raging,1
railing,1
railways,1
raindrop,1
rained,1
raining,1
rainy,1
raise,1
ramifying,1
rampant,1
rams,1
ranges,1
ranging,1
rarely,1
rascal,1
rascally,1
rascals,1
rashly,1
rat,1
rattling,1
ravening,1
rayed,1
realms,1
reams,1
rearguard,1
reasons,1
reassuring,1
rebuilt,1
recapture,1
recapturing,1
reception,1
recesses,1
recite,1
reciting,1
reckless,1
recognition,1
recommended,1
recorder,1
recover,1
recovers,1
recovery,1
redly,1
redoubled,1
reduce,1
reduced,1
reek,1
refill,1
refilled,1
reflects,1
refresh,1
refusal,1
refuses,1
regain,1
regains,1
regarding,1
regiment,1
regiments,1
regretfully,1
regrettable,1
regular,1
rehearsed,1
reigns,1
rejection,1
rejoiced,1
rejoined,1
relating,1
relationship,1
relationships,1
relative,1
relaxed,1
relent,1
relented,1
relieve,1
remind,1
reminiscences,1
remmirath,1
remnants,1
render,1
rendered,1
rending,1
renew,1
renown,1
rent,1
repent,1
replaced,1
represent,1
representative,1
reproached,1
repute,1
reputedly,1
requests,1
require,1
requires,1
rescue,1
rescued,1
rescuing,1
researches,1
resented,1
resentful,1
resides,1
resin,1
resort,1
response,1
restlessness,1
result,1
retained,1
retake,1
retirement,1
retreat,1
reunited,1
reva,1
revenged,1
review,1
reviewed,1
revised,1
revising,1
revived,1
reviving,1
revolts,1
rewarded,1
rh,1
rhyming,1
riches,1
richest,1
riello,1
rightabouts,1
rights,1
rills,1
rimmed,1
rinds,1
ripening,1
rivalry,1
riversides,1
riverward,1
roaming,1
rob,1
robbers,1
robbing,1
robed,1
robust,1
rogue,1
rollings,1
roofs,1
roosting,1
rootless,1
ropers,1
rot,1
rotten,1
rotting,1
rougher,1
roughly,1
rounded,1
rounding,1
roundness,1
rouse,1
rout,1
rove,1
rover,1
roving,1
rowan,1
rowans,1
rows,1
rubbing,1
rue,1
ruefully,1
ruffled,1
ruining,1
ruinous,1
rumbling,1
rumoured,1
runner,1
rushey,1
rushlight,1
russet,1
ruthless,1
ruts,1
ryat,1
sack,1
sacks,1
sacred,1
saddled,1
sadness,1
safest,1
sag,1
sages,1
saith,1
sallow,1
sammie,1
sample,1
sandheaver,1
sandy,1
sapling,1
saucer,1
saving,1
sawed,1
sawing,1
scale,1
scalp,1
scanty,1
scarce,1
scarcely,1
scare,1
scattering,1
scene,1
scenes,1
scented,1
scholar,1
school,1
schooling,1
scimitar,1
scintillating,1
scoffed,1
scoop,1
scorching,1
scorn,1
scoundrels,1
scour,1
scouring,1
scowled,1
scrabbling,1
scraped,1
scraps,1
scratching,1
scrawl,1
screamed,1
screaming,1
screech,1
screen,1
screwed,1
screws,1
scribe,1
scribes,1
scripts,1
scrolls,1
scrupulous,1
seal,1
sealed,1
searchers,1
searchingly,1
secondly,1
secure,1
secured,1
seeding,1
seemeth,1
selected,1
self,1
sends,1
sentinel,1
separate,1
sequels,1
serial,1
series,1
serpent,1
serves,1
serviceable,1
services,1
settlements,1
settles,1
sevenfold,1
seventy,1
severe,1
severed,1
shabbily,1
shabby,1
shaded,1
shadowless,1
shadowmere,1
shallower,1
shallows,1
shamed,1
shamefaced,1
shank,1
shanks,1
shard,1
shards,1
shares,1
sharing,1
sharpened,1
shath,1
shatter,1
shattering,1
shave,1
sheaves,1
shed,1
sheds,1
sheet,1
shell,1
sheltering,1
shelterless,1
shepherds,1
shimmer,1
shingle,1
shins,1
shiny,1
shipwright,1
shirriff,1
shirriffs,1
shivers,1
shocked,1
shoe,1
shooting,1
shop,1
shortcomings,1
shortly,1
shouldering,1
shouts,1
shower,1
shred,1
shrieking,1
shrink,1
shrinking,1
shrivelled,1
shrouds,1
shrunk,1
shrunken,1
shuddering,1
shuffled,1
shuttered,1
shyly,1
sickly,1
sickness,1
siege,1
sift,1
signals,1
signatures,1
signboard,1
signing,1
silences,1
silivren,1
silvertine,1
sindan,1
sinews,1
singed,1
singled,1
singular,1
sinuous,1
sip,1
sipped,1
sipping,1
sire,1
sister,1
sites,1
sixth,1
sized,1
sizes,1
skewer,1
skewered,1
skilfully,1
skilled,1
skip,1
slack,1
slackened,1
slackening,1
slapping,1
slash,1
slashing,1
slaughter,1
slay,1
slaying,1
sledge,1
sleepers,1
sleepily,1
sleepless,1
sleeps,1
sleeve,1
slier,1
slime,1
slimmer,1
slippers,1
slit,1
slithering,1
slot,1
slowed,1
slowing,1
sluggard,1
sluggish,1
slumped,1
slumping,1
slush,1
sly,1
smallest,1
smaug,1
smeared,1
smelt,1
smithies,1
smokers,1
smoother,1
smother,1
snail,1
snake,1
snapped,1
snarls,1
sneaking,1
sneer,1
sneered,1
sneering,1
snick,1
snivelling,1
snore,1
snort,1
snout,1
snowstorm,1
snowstorms,1
snuffed,1
snug,1
soaked,1
soap,1
sober,1
socks,1
softened,1
soil,1
soiled,1
solely,1
soles,1
somersault,1
sorcerer,1
sorcery,1
sorrowful,1
sorrowing,1
sorrowless,1
sorted,1
soul,1
sounder,1
soundlessly,1
soup,1
sour,1
southerly,1
southerners,1
southernmost,1
spade,1
spades,1
spanned,1
sparing,1
spark,1
sparkled,1
sparklers,1
sparsely,1
spasm,1
spawned,1
spearmen,1
specializing,1
speeches,1
speedy,1
spiders,1
spied,1
spike,1
spill,1
spilled,1
spinney,1
spire,1
spiriting,1
splintered,1
splinters,1
spluttering,1
sport,1
spots,1
spout,1
spouted,1
springle,1
springtime,1
springy,1
sprinkle,1
sprinkled,1
spun,1
spurt,1
sputtered,1
squat,1
squawk,1
squeak,1
squeaking,1
squeeze,1
squib,1
squibs,1
squirrel,1
squirrels,1
stabbing,1
stables,1
stabling,1
stacked,1
stairway,1
stake,1
stalking,1
stalks,1
stalky,1
stalwart,1
stammering,1
stamping,1
standards,1
standstill,1
stank,1
starlit,1
starmoon,1
starved,1
stated,1
statues,1
staunch,1
steal,1
stealth,1
steams,1
steeped,1
steeper,1
stemmed,1
stench,1
steward,1
stiffening,1
stiffly,1
stifling,1
stockings,1
stocks,1
stocky,1
stonebows,1
stonework,1
stonily,1
storey,1
storeys,1
storied,1
storms,1
stouter,1
straddled,1
stragglers,1
straggling,1
straightened,1
straightening,1
straighter,1
stranded,1
strangest,1
strangle,1
strangled,1
strapped,1
strayings,1
street,1
strengthened,1
strengthening,1
strengths,1
strenuous,1
stretches,1
strict,1
strictly,1
strides,1
strife,1
striking,1
stringed,1
stringing,1
strips,1
striven,1
stroked,1
stronghold,1
strongholds,1
strongly,1
strove,1
strung,1
stubbed,1
studs,1
studying,1
stump,1
stumped,1
stupidly,1
stuttering,1
styled,1
subdue,1
subject,1
subjects,1
suburban,1
succeeded,1
successors,1
sucking,1
suddenness,1
suffered,1
suffices,1
suggest,1
suggestion,1
suggests,1
sullenly,1
sullied,1
summaries,1
summers,1
summoning,1
sundry,1
suns,1
superb,1
supped,1
supplement,1
supplies,1
supply,1
supported,1
supposing,1
suppressed,1
surer,1
surge,1
surmounted,1
surpass,1
surpasses,1
surpassingly,1
surprises,1
surround,1
surrounding,1
surrounds,1
survey,1
survive,1
surviving,1
survivor,1
suspects,1
swamps,1
swaps,1
swarming,1
swart,1
sweated,1
sweating,1
sweetened,1
sweeter,1
sweetly,1
swell,1
swelling,1
swellings,1
swerved,1
swiftest,1
swished,1
swooned,1
swordsman,1
swordsmen,1
sworn,1
syllables,1
sympathetic,1
system,1
tads,1
talent,1
talkative,1
tame,1
tamer,1
tangles,1
tankard,1
tapering,1
tarmenel,1
tarnish,1
tarrying,1
tart,1
tattered,1
tatters,1
teacher,1
teachers,1
tearing,1
teens,1
teller,1
tellumar,1
temper,1
temperament,1
tempered,1
tempers,1
tempted,1
tempting,1
tendency,1
tender,1
tending,1
tense,1
tentacle,1
tentacles,1
testing,1
text,1
texture,1
thag,1
thainship,1
thangorodrim,1
theelder,1
theirs,1
theme,1
thennath,1
theory,1
thereafter,1
thereon,1
thereupon,1
thiel,1
thieving,1
thinbone,1
thinned,1
thirdly,1
thistles,1
thistlewool,1
thorny,1
thoroughly,1
thrakatul,1
thrawn,1
threaded,1
threading,1
threats,1
thrive,1
thriving,1
throats,1
throbbed,1
throes,1
throned,1
throng,1
thronged,1
thudded,1
thumping,1
thunders,1
thunderstorm,1
tick,1
ticking,1
tickled,1
tier,1
tiered,1
ties,1
tighten,1
tightening,1
tighter,1
tightly,1
tilling,1
tilt,1
timbers,1
tinbone,1
tingled,1
tinkle,1
tinkling,1
tintall,1
tintilar,1
tips,1
tis,1
tissue,1
toasted,1
tobacco,1
tobold,1
toe,1
toeless,1
toilsome,1
tolerant,1
tolerated,1
tolls,1
tongued,1
tool,1
tools,1
tooth,1
topic,1
toppled,1
toppling,1
tortuous,1
tottering,1
touching,1
tout,1
towels,1
township,1
toy,1
tracker,1
tracking,1
trades,1
tragic,1
trailer,1
training,1
traitor,1
tramp,1
trampled,1
trampling,1
tramps,1
translated,1
translation,1
translations,1
transparency,1
trapessing,1
traps,1
traversing,1
treacheries,1
treasured,1
treasuries,1
treated,1
treating,1
treatise,1
treatment,1
trembles,1
tremor,1
trespassers,1
tresses,1
trials,1
tributary,1
trickster,1
tricky,1
trifles,1
trim,1
trimming,1
trinket,1
trinkets,1
trip,1
triumph,1
trod,1
trophies,1
troublesome,1
trover,1
truce,1
trudge,1
truesilver,1
truly,1
truncheon,1
trussed,1
tryst,1
tubs,1
tuck,1
tucked,1
tufted,1
tug,1
tumble,1
tumult,1
tunnelly,1
turbulent,1
turmoils,1
turnip,1
turrets,1
turves,1
tussle,1
tussock,1
tussocks,1
tussocky,1
twas,1
twenties,1
twentieth,1
twentyfirst,1
twilit,1
twined,1
twisting,1
twofoot,1
tying,1
typing,1
ud,1
udan,1
ultimate,1
umbels,1
unaffected,1
unaltered,1
unanswered,1
unawares,1
unbind,1
unbraided,1
unburdened,1
unceasingly,1
uncertainly,1
uncharted,1
unclean,1
unclear,1
uncloaked,1
unconcerned,1
unconcernedly,1
uncounted,1
uncovering,1
und,1
undaunted,1
undecided,1
underfed,1
underfoot,1
underground,1
underneath,1
undertook,1
undervalued,1
undeterred,1
undimmed,1
undone,1
undoubtedly,1
undul,1
undulating,1
uneaten,1
uneven,1
uneventful,1
unexplained,1
unexplored,1
unfading,1
unfastened,1
unfastening,1
unfolding,1
unforeseen,1
unfortunate,1
unfortunately,1
unfurled,1
ungracious,1
unguessable,1
unheated,1
unheralded,1
unhurt,1
uniforms,1
unintelligible,1
unintentional,1
uninviting,1
union,1
unlading,1
unlit,1
unload,1
unloading,1
unlocked,1
unlovely,1
unmake,1
unmarked,1
unmistakable,1
unmolested,1
unnatural,1
unnecessary,1
unneeded,1
unobtrusive,1
unprotected,1
unread,1
unreal,1
unreason,1
unreasoning,1
unrelated,1
unremembered,1
unrevealed,1
unrolling,1
unruffled,1
unrusted,1
unsatisfied,1
unseeing,1
unsettled,1
unsheathed,1
unslinging,1
unt,1
untame,1
untasted,1
untidy,1
untied,1
untouched,1
untrodden,1
untroubled,1
untroubling,1
untrue,1
untruthfully,1
unveiled,1
unwanted,1
unwary,1
unwatched,1
unwearied,1
unwearyingly,1
unwelcome,1
unwinking,1
unwisely,1
unwound,1
unwrapped,1
upland,1
uppermost,1
upside,1
upstairs,1
uptake,1
upturned,1
urge,1
uruks,1
usurpers,1
uttermost,1
vagabonds,1
vales,1
valiantly,1
valinor,1
valued,1
vanimelda,1
vanishment,1
vanquished,1
vapour,1
vapours,1
vardo,1
variable,1
variations,1
varieties,1
varmint,1
varying,1
vastness,1
vaults,1
vedui,1
veering,1
vegetables,1
veils,1
veined,1
veins,1
venomous,1
version,1
versions,1
vessel,1
victim,1
victorious,1
vie,1
viewed,1
views,1
vigorous,1
vigorously,1
vile,1
vineyards,1
violently,1
virtually,1
virtues,1
visibly,1
visits,1
vivid,1
voluntary,1
voted,1
votes,1
vow,1
vulgar,1
wade,1
waded,1
wading,1
wafer,1
wafted,1
wag,1
wager,1
wagged,1
wagging,1
wains,1
waists,1
waked,1
wakefulness,1
waken,1
walkers,1
walks,1
walled,1
wallowing,1
wants,1
warbling,1
ward,1
warding,1
warehouses,1
warg,1
warlike,1
warmed,1
warming,1
warmly,1
warren,1
washes,1
wasted,1
watches,1
watchman,1
waterman,1
waterways,1
watery,1
waybread,1
wayfarers,1
wayside,1
wayward,1
weakening,1
weaker,1
wealthier,1
wealthy,1
wearer,1
wearied,1
wearier,1
wearies,1
weathers,1
weatherstained,1
weatherworn,1
weave,1
wedded,1
wedge,1
wedged,1
wedges,1
wednesday,1
weep,1
weighing,1
weighs,1
welcoming,1
wellforged,1
weregild,1
werewolves,1
westgate,1
westlands,1
wetter,1
wetwang,1
whatsoever,1
wherefore,1
wherein,1
whew,1
whichever,1
whin,1
whine,1
whipped,1
whirling,1
whiteness,1
whitfoot,1
whitish,1
whizzed,1
whoever,1
whortle,1
wickedest,1
wickedness,1
widespread,1
wielder,1
wightish,1
wildberries,1
wildest,1
wildfire,1
wilful,1
wilfully,1
willed,1
windlord,1
winning,1
wintry,1
wire,1
wistfully,1
wit,1
witch,1
withy,1
witless,1
witnesses,1
witted,1
wizardry,1
wizened,1
woe,1
wolds,1
wolvish,1
womanhood,1
women,1
wont,1
woodmen,1
woolly,1
workmanship,1
worlds,1
wormed,1
worriting,1
worshipful,1
worsted,1
worthies,1
wrack,1
wraiths,1
wrap,1
wraps,1
wreath,1
wreathed,1
wrenching,1
wretch,1
wretches,1
wrinkled,1
wrinkles,1
wrist,1
writer,1
writes,1
writhen,1
writhing,1
wry,1
yale,1
yammered,1
yammering,1
yassen,1
ye,1
yea,1
yearly,1
yearned,1
yelled,1
yelp,1
yestereve,1
yestre,1
yielding,1
yoke,1
yon,1
yuldar,1
yulma,1
zagging,1
zags,1
zigil,1
